ChoiceListName,ChoiceValue,LabelEn,LabelSw,ZoneValue,RegionValue,DistrictValue,WardValue,CropNameValue,TechnologyValue
Gender,1,Male,Mme,,,,,,
Gender,2,Female,Mke,,,,,,
Education_Level,1,None,Hakuna,,,,,,
Education_Level,2,Primary,Elimu ya Msingi,,,,,,
Education_Level,3,Secondary,Elimu ya Sekondari,,,,,,
Education_Level,4,College,Chuo,,,,,,
Education_Level,5,University,Chuo Kikuu,,,,,,
Zone,1,1. Central Zone,1. Central Zone,,,,,,
Zone,2,2. Coastal Zone,2. Coastal Zone,,,,,,
Zone,3,3. Dar Zone,3. Dar Zone,,,,,,
Zone,4,4. Highland Zone,4. Highland Zone,,,,,,
Zone,5,5. Lake Zone,5. Lake Zone,,,,,,
Zone,6,6. Northern Zone,6. Northern Zone,,,,,,
Zone,7,7. Southern Zone,7. Southern Zone,,,,,,
Zone,8,"8. Western Zone""","8. Western Zone""",,,,,,
Age_Group,1,18–35,18–35,,,,,,
Age_Group,2,36–60,36–60,,,,,,
Age_Group,3,>60,>60,,,,,,
Yes_No,1,Yes,Ndio,,,,,,
Yes_No,2,No,Hapana,,,,,,
crop_name,1.1,1.1. Maize (Mahindi),1.1. Maize (Mahindi),,,,,,
crop_name,1.2,1.2. Paddy (Mpunga),1.2. Paddy (Mpunga),,,,,,
crop_name,1.3,1.3. Rice (Mchele),1.3. Rice (Mchele),,,,,,
crop_name,1.4,1.4. Wheat (Ngano),1.4. Wheat (Ngano),,,,,,
crop_name,1.5,1.5. Millet (Uwele),1.5. Millet (Uwele),,,,,,
crop_name,1.6,1.6. Finger Millet (Mwere/ ulezi),1.6. Finger Millet (Mwere/ ulezi),,,,,,
crop_name,1.7,1.7. Pearl Millet (Uwele wa lulu),1.7. Pearl Millet (Uwele wa lulu),,,,,,
crop_name,1.8,1.8. Barley (Shairi),1.8. Barley (Shairi),,,,,,
crop_name,1.9,1.9. Sorghum (Mtama),1.9. Sorghum (Mtama),,,,,,
crop_name,1.10,1.10. Oats (Shayiri pori),1.10. Oats (Shayiri pori),,,,,,
crop_name,2.1,2.1 . Banana (Ndizi),2.1 . Banana (Ndizi),,,,,,
crop_name,3.1,3.1. Beans (Common) (Maharage),3.1. Beans (Common) (Maharage),,,,,,
crop_name,3.2,3. 2.  Pigeon Pea (Mbaazi),3. 2.  Pigeon Pea (Mbaazi),,,,,,
crop_name,3.3,3.3. Cowpea (Kunde),3.3. Cowpea (Kunde),,,,,,
crop_name,3.4,3. 4. Green Grams (Mung) (Choroko),3. 4. Green Grams (Mung) (Choroko),,,,,,
crop_name,3.5,3.5. Lentils (Dengu),3.5. Lentils (Dengu),,,,,,
crop_name,3.6,3.6. Chickpeas (Njegere),3.6. Chickpeas (Njegere),,,,,,
crop_name,3.7,3. 7. Amaranth Seed (Mbegu za mchicha),3. 7. Amaranth Seed (Mbegu za mchicha),,,,,,
crop_name,4.1,4. 1. Avocado (Parachichi),4. 1. Avocado (Parachichi),,,,,,
crop_name,5.1,5.1. Cassava (Muhogo),5.1. Cassava (Muhogo),,,,,,
crop_name,5.2,5.2. Sweet Potato (Viazi vitamu),5.2. Sweet Potato (Viazi vitamu),,,,,,
crop_name,5.3,5. 3. Yam (White Yam) (Viazi vikuu),5. 3. Yam (White Yam) (Viazi vikuu),,,,,,
crop_name,5.4,5. 4. Taro (Cocoyam) (Magimbi),5. 4. Taro (Cocoyam) (Magimbi),,,,,,
crop_name,5.5,5.5. Cocoyam (Taro) (Magimbi),5.5. Cocoyam (Taro) (Magimbi),,,,,,
crop_name,5.6,5. 6. Arrowroot (Nduma),5. 6. Arrowroot (Nduma),,,,,,
crop_name,6.1,6.1. Irish Potato (Viazi mviringo),6.1. Irish Potato (Viazi mviringo),,,,,,
crop_name,7.1,7.1. Sunflower (Alizeti),7.1. Sunflower (Alizeti),,,,,,
crop_name,8.1,8.1 Groundnut (Peanut) (Karanga),8.1 Groundnut (Peanut) (Karanga),,,,,,
crop_name,9.1,9.1. Palm Oil (small holder) (Mawese -rafiki mazingira)),9.1. Palm Oil (small holder) (Mawese -rafiki mazingira)),,,,,,
crop_name,9.2,9.2. Sesame/Simsim (Ufuta),9.2. Sesame/Simsim (Ufuta),,,,,,
crop_name,9.3,9.3. Cottonseed (Mbegu za Pamba),9.3. Cottonseed (Mbegu za Pamba),,,,,,
crop_name,10.1,10.1. Tomato (Nyanya),10.1. Tomato (Nyanya),,,,,,
crop_name,10.2,10.2. Pumpkin (Maboga),10.2. Pumpkin (Maboga),,,,,,
crop_name,10.3,10.3. Squash (Boga),10.3. Squash (Boga),,,,,,
crop_name,10.4,10.4. Watermelon (Tikiti maji),10.4. Watermelon (Tikiti maji),,,,,,
crop_name,10.5,10.5. Bell Pepper (Pilipili hoho),10.5. Bell Pepper (Pilipili hoho),,,,,,
crop_name,10.6,10.6. Cucumber (Tango),10.6. Cucumber (Tango),,,,,,
crop_name,10.7,10.7. Eggplant (Bilinganya),10.7. Eggplant (Bilinganya),,,,,,
crop_name,10.8,10.8. Spinach (Spinachi),10.8. Spinach (Spinachi),,,,,,
crop_name,10.9,10.9. Okra (Bamia),10.9. Okra (Bamia),,,,,,
crop_name,10.10,10.10. Peppers (Pilipili),10.10. Peppers (Pilipili),,,,,,
crop_name,11.1,11.1. Chili Pepper (Pilipili kali),11.1. Chili Pepper (Pilipili kali),,,,,,
crop_name,12.1,12.1. Soybean (Soya),12.1. Soybean (Soya),,,,,,
crop_name,13.1,13.1. Apple (Tofaa),13.1. Apple (Tofaa),,,,,,
crop_name,13.2,13.2. Custard Apple (Tomoko),13.2. Custard Apple (Tomoko),,,,,,
crop_name,13.3,13.3. Peach (Furis/Pindigesi),13.3. Peach (Furis/Pindigesi),,,,,,
crop_name,13.4,13.4. Pear (Peazi),13.4. Pear (Peazi),,,,,,
crop_name,13.5,13.5. Plum (Pera ya Ulaya),13.5. Plum (Pera ya Ulaya),,,,,,
crop_name,13.6,13.6. Soursop (Graviola) (Mtopetope),13.6. Soursop (Graviola) (Mtopetope),,,,,,
crop_name,13.7,13.7. Strawberry (Stroberi),13.7. Strawberry (Stroberi),,,,,,
crop_name,14.1,14.1. Lime (Ndimu),14.1. Lime (Ndimu),,,,,,
crop_name,14.2,14.2. Grapefruit (Balungi),14.2. Grapefruit (Balungi),,,,,,
crop_name,14.3,14.3. Lemon (Limao),14.3. Lemon (Limao),,,,,,
crop_name,14.4,14.4. Orange (Chungwa),14.4. Orange (Chungwa),,,,,,
crop_name,14.5,14.5. Tangerine (Chenza),14.5. Tangerine (Chenza),,,,,,
crop_name,15.1,15.1.  Passion Fruit (pasheni/Karakara),15.1.  Passion Fruit (pasheni/Karakara),,,,,,
crop_name,15.2,15.2. Guavas (Pera),15.2. Guavas (Pera),,,,,,
crop_name,15.3,15.3. Pineapple (Nanasi),15.3. Pineapple (Nanasi),,,,,,
crop_name,15.4,15.4. Coconut (Nazi),15.4. Coconut (Nazi),,,,,,
crop_name,15.5,15.5. Jackfruit (Fenesi),15.5. Jackfruit (Fenesi),,,,,,
crop_name,15.6,15.6. Mango (Embe),15.6. Mango (Embe),,,,,,
crop_name,15.7,15.7. Papaya (Papai),15.7. Papaya (Papai),,,,,,
crop_name,16.1,16.1. Cabbage (Kabichi),16.1. Cabbage (Kabichi),,,,,,
crop_name,16.2,16.2. Chinese Cabbage (Kabichi ya Kichina),16.2. Chinese Cabbage (Kabichi ya Kichina),,,,,,
crop_name,16.3,16.3. Cowpea Leaves (Majani ya kunde),16.3. Cowpea Leaves (Majani ya kunde),,,,,,
crop_name,16.4,16.4. Jute Mallow (Mlenda),16.4. Jute Mallow (Mlenda),,,,,,
crop_name,16.5,16.5. Kale (Sukuma wiki),16.5. Kale (Sukuma wiki),,,,,,
crop_name,16.6,16.6. Lettuce (Saladi),16.6. Lettuce (Saladi),,,,,,
crop_name,16.7,16.7. Pumpkin Leaves (Majani ya maboga),16.7. Pumpkin Leaves (Majani ya maboga),,,,,,
crop_name,16.8,16.8. Sweet Potato Leaves (Matembele),16.8. Sweet Potato Leaves (Matembele),,,,,,
crop_name,16.9,16.9. Amaranth Leaf Indigenous(Mchicha),16.9. Amaranth Leaf Indigenous(Mchicha),,,,,,
crop_name,16.10,16.10. Nightshade-African (Mnavu mkali),16.10. Nightshade-African (Mnavu mkali),,,,,,
crop_name,16.11,16.11. Spider-Indigenou Plant (Mnafu),16.11. Spider-Indigenou Plant (Mnafu),,,,,,
crop_name,17.1,17.1. Cereal–Legume Mixed Cropping (Maize+Common Beans) (Kilimo Mseto cha Nafaka na Mikunde),17.1. Cereal–Legume Mixed Cropping (Maize+Common Beans) (Kilimo Mseto cha Nafaka na Mikunde),,,,,,
crop_name,17.2,17.2. Holtcultiure Vegetable and Cereal Mixed Cropping (Kilimo mseto (mboga za Bustani na Nafaka),17.2. Holtcultiure Vegetable and Cereal Mixed Cropping (Kilimo mseto (mboga za Bustani na Nafaka),,,,,,
crop_name,17.3,17.3. Oilseed–Cereal–Legume Mixed Cropping (Kilimo mseto-mafuta+Nafaka&Mikunde),17.3. Oilseed–Cereal–Legume Mixed Cropping (Kilimo mseto-mafuta+Nafaka&Mikunde),,,,,,
crop_name,17.4,17.4. Root/Tuber–Cereal–Legume Mixes (mazao Mchanganyiko),17.4. Root/Tuber–Cereal–Legume Mixes (mazao Mchanganyiko),,,,,,
crop_name,18.1,18.1. Erosion & Nutrients control crops (Mazao ya Kudhibiti Mmomonyoko na Kuboresha Virutubisho vya Udongo),18.1. Erosion & Nutrients control crops (Mazao ya Kudhibiti Mmomonyoko na Kuboresha Virutubisho vya Udongo),,,,,,
crop_name,19.1,19.1. Other holticulture Produce (Mazao mengine ya bustani),19.1. Other holticulture Produce (Mazao mengine ya bustani),,,,,,
crop_name,20.1,20.1. Greenhouse Vegetables Produce (Mboga za kitalu nyumba),20.1. Greenhouse Vegetables Produce (Mboga za kitalu nyumba),,,,,,
crop_name,21.1,"21.1. Edible Mushrooms (Oyster, Shiitake, Button) (Uyoga)","21.1. Edible Mushrooms (Oyster, Shiitake, Button) (Uyoga)",,,,,,
crop_name,22.1,22.1. Turnip (Nabo),22.1. Turnip (Nabo),,,,,,
crop_name,22.2,22.2. Onion (bulb) (Kitunguu),22.2. Onion (bulb) (Kitunguu),,,,,,
crop_name,22.3,22.3. Radish (Radishi),22.3. Radish (Radishi),,,,,,
crop_name,22.4,22.4. Garlic (Kitunguu saumu),22.4. Garlic (Kitunguu saumu),,,,,,
crop_name,23.1,23.1. Ginger (Tangawizi),23.1. Ginger (Tangawizi),,,,,,
crop_name,23.2,23.2. Parsnip (Caroot nyeupe),23.2. Parsnip (Caroot nyeupe),,,,,,
crop_name,24.1,24.1. Beetroot (Beetroot),24.1. Beetroot (Beetroot),,,,,,
crop_name,24.2,24.2. Carrot (Karoti),24.2. Carrot (Karoti),,,,,,
crop_name,25.1,25.1. Black Pepper (Pilipili manga),25.1. Black Pepper (Pilipili manga),,,,,,
crop_name,25.2,25.2. Cardamom (Iliki),25.2. Cardamom (Iliki),,,,,,
crop_name,25.3,25.3. Cinnamon (Mdalasini),25.3. Cinnamon (Mdalasini),,,,,,
crop_name,25.4,25.4. Clove (Karafuu),25.4. Clove (Karafuu),,,,,,
crop_name,25.5,25.5. Coriander (Kotimiri),25.5. Coriander (Kotimiri),,,,,,
crop_name,25.6,25.6. Cumin (Jira),25.6. Cumin (Jira),,,,,,
crop_name,25.7,25.7. Fennel (Haradali ya kupika),25.7. Fennel (Haradali ya kupika),,,,,,
crop_name,25.8,25.8. Lemongrass (Mchaichai),25.8. Lemongrass (Mchaichai),,,,,,
crop_name,25.9,25.9. Turmeric (Manjano/Binzari),25.9. Turmeric (Manjano/Binzari),,,,,,
crop_name,25.10,25.10. Vanilla (Vanila),25.10. Vanilla (Vanila),,,,,,
crop_name,26.1,26.1. Grafted Fruit Varieties (Matunda Yaliyopandikizwa),26.1. Grafted Fruit Varieties (Matunda Yaliyopandikizwa),,,,,,
crop_name,27.1,27.1. Green Manure Crops (Mazao ya kurutubisha),27.1. Green Manure Crops (Mazao ya kurutubisha),,,,,,
crop_name,27.2,"27.2. Cover Crops  Legumes (Mucuna, Lablab) (Mazao ya kufunika udongo (mikunde))","27.2. Cover Crops  Legumes (Mucuna, Lablab) (Mazao ya kufunika udongo (mikunde))",,,,,,
crop_name,28.1,28.1. Hydropinic crops (Mazao ya kilimo cha maji,28.1. Hydropinic crops (Mazao ya kilimo cha maji,,,,,,
crop_name,29,29. Improved seeds (Mbegu stahimilivu na zilizo boreshwa),29. Improved seeds (Mbegu stahimilivu na zilizo boreshwa),,,,,,
crop_name,30.1,"30.1.  Soil Conservation crops  (Vetiver Grass, Ornamental Plants etc) (Mazo ya kutunza udongo)","30.1.  Soil Conservation crops  (Vetiver Grass, Ornamental Plants etc) (Mazo ya kutunza udongo)",,,,,,
crop_name,31.1,31.1. Wind break Crops (Mazao ya kuzuia upepo),31.1. Wind break Crops (Mazao ya kuzuia upepo),,,,,,
crop_name,31.2,31.2. Agroforestry for mulching (mazo ya matandazo),31.2. Agroforestry for mulching (mazo ya matandazo),,,,,,
crop_name,31.3,31.3. Intercrop & Alley Cropping (Kilimo mseto kwa mistari Kupanda Mazao Kati ya Mistari ya Miti),31.3. Intercrop & Alley Cropping (Kilimo mseto kwa mistari Kupanda Mazao Kati ya Mistari ya Miti),,,,,,
crop_name,32.1,"32.1. Sustainable Aquaculture, Aquatic Crops and Aquaponics Systems (Ufugaji na Uvunaji Endelevu wa Samaki, Viumbe Maji na Mifumo ya Aquaponic)","32.1. Sustainable Aquaculture, Aquatic Crops and Aquaponics Systems (Ufugaji na Uvunaji Endelevu wa Samaki, Viumbe Maji na Mifumo ya Aquaponic)",,,,,,
crop_name,96,33. Other (please specify),33. Other (please specify),,,,,,
crop_category,1,1. Cereal Grain (Primary Staple Food),1. Cereal Grain (Primary Staple Food),,,,,,
crop_category,2,2. Fruit Crop (Staple Food),2. Fruit Crop (Staple Food),,,,,,
crop_category,3,3. Grain Legumes,3. Grain Legumes,,,,,,
crop_category,4,4. Fruit Crop (strategic),4. Fruit Crop (strategic),,,,,,
crop_category,5,5. Tuber- Energy Crops (Staple food),5. Tuber- Energy Crops (Staple food),,,,,,
crop_category,6,6. Tuber-Energy Crops (Staple food)/Strategic,6. Tuber-Energy Crops (Staple food)/Strategic,,,,,,
crop_category,7,7. Edible oil crop (Strategic),7. Edible oil crop (Strategic),,,,,,
crop_category,8,8. Edible oil crop (legume),8. Edible oil crop (legume),,,,,,
crop_category,9,9. Edible oil crop,9. Edible oil crop,,,,,,
crop_category,10,10. Fruit Vegetables (horticulture),10. Fruit Vegetables (horticulture),,,,,,
crop_category,11,11. Fruit Vegetables (Spice),11. Fruit Vegetables (Spice),,,,,,
crop_category,12,12. Grain Legume-edible oil crop,12. Grain Legume-edible oil crop,,,,,,
crop_category,13,13. Fruit crops,13. Fruit crops,,,,,,
crop_category,14,14. Fruit crops (Citrus),14. Fruit crops (Citrus),,,,,,
crop_category,15,15. Fruit crops (Tropical & Subtropic),15. Fruit crops (Tropical & Subtropic),,,,,,
crop_category,16,16. Leafy Vegetables,16. Leafy Vegetables,,,,,,
crop_category,17,17. Mixed farming cropping,17. Mixed farming cropping,,,,,,
crop_category,18,18. Multipurpose Legumes,18. Multipurpose Legumes,,,,,,
crop_category,19,19.  Horticulture (Vegetables),19.  Horticulture (Vegetables),,,,,,
crop_category,20,20. Horticulture (Protected Cultivation),20. Horticulture (Protected Cultivation),,,,,,
crop_category,21,21. Mushrooms,21. Mushrooms,,,,,,
crop_category,22,22. Root & Bulb Vegetables (Horticulture),22. Root & Bulb Vegetables (Horticulture),,,,,,
crop_category,23,23. Root Crops (Food Ingredients),23. Root Crops (Food Ingredients),,,,,,
crop_category,24,24. Root Vegetable (Horticulture),24. Root Vegetable (Horticulture),,,,,,
crop_category,25,25. Spice Crops,25. Spice Crops,,,,,,
crop_category,26,26. Fruit Tree,26. Fruit Tree,,,,,,
crop_category,27,27. Soil Health crops,27. Soil Health crops,,,,,,
crop_category,28,28. Resilience / Urban Gardening,28. Resilience / Urban Gardening,,,,,,
crop_category,29,29. Resilience seeds,29. Resilience seeds,,,,,,
crop_category,30,30. Conservation crops,30. Conservation crops,,,,,,
crop_category,31,31. Agroforestry,31. Agroforestry,,,,,,
crop_category,32,32. Integrated Adaptation System,32. Integrated Adaptation System,,,,,,
crop_category,33,"34.Aquaculture, Fisheries and Blue Economy Systems","34.Aquaculture, Fisheries and Blue Economy Systems",,,,,,
crop_category,96,"96. Other (please specify)""","96. Other (please specify)""",,,,,,
crop_adaptation,1.1,"1.1. Widely used Primary Staple Food cereal,  critical for food systems and adaptable to many climate zones.","1.1. Widely used Primary Staple Food cereal,  critical for food systems and adaptable to many climate zones.",,,,,1.1,
crop_adaptation,1.2,1.2. Staple food crop with adaptation needs in irrigation and flood zones.,1.2. Staple food crop with adaptation needs in irrigation and flood zones.,,,,,1.2,
crop_adaptation,1.3,"1.3.widely used(Primary Staple Food, fFlood-resilient crop with importance in water management.","1.3.widely used(Primary Staple Food, fFlood-resilient crop with importance in water management.",,,,,1.3,
crop_adaptation,1.4,"1.4. It is Primary,  Staple Food and Strategic, cool-season cereal with value for bread and rotation cropping.","1.4. It is Primary,  Staple Food and Strategic, cool-season cereal with value for bread and rotation cropping.",,,,,1.4,
crop_adaptation,1.5,1.5. Hardy cereal for dry zones and intercropping with legumes or pulses.,1.5. Hardy cereal for dry zones and intercropping with legumes or pulses.,,,,,1.5,
crop_adaptation,1.6,"1.6. Primary Staple food in rural , nutritious traditional cereal for dryland agriculture and food diversification.","1.6. Primary Staple food in rural , nutritious traditional cereal for dryland agriculture and food diversification.",,,,,1.6,
crop_adaptation,1.7,1.7.  Primary Staple Food and drought-tolerant cereal for food security in arid regions.,1.7.  Primary Staple Food and drought-tolerant cereal for food security in arid regions.,,,,,1.7,
crop_adaptation,1.8,1.8. Among Staple Food and cold-tolerant cereal used in highland climates with potential for rotational systems.,1.8. Among Staple Food and cold-tolerant cereal used in highland climates with potential for rotational systems.,,,,,1.8,
crop_adaptation,1.9,1.9.  Primary Staple Food and dry land cereal critical for nutrition and drought adaptation.,1.9.  Primary Staple Food and dry land cereal critical for nutrition and drought adaptation.,,,,,1.9,
crop_adaptation,1.10,1.10. Emerging cereal for highland climates with food and fodder co-benefits.,1.10. Emerging cereal for highland climates with food and fodder co-benefits.,,,,,1.10,
crop_adaptation,2.1,2.1 .Widely used staple fruit crop food and a perennial staple that stabilizes soil and supports food security year-round.,2.1 .Widely used staple fruit crop food and a perennial staple that stabilizes soil and supports food security year-round.,,,,,2.1,
crop_adaptation,3.1,3.1.Nitrogen-fixing legume improves soil fertility and household food security.,3.1.Nitrogen-fixing legume improves soil fertility and household food security.,,,,,3.1,
crop_adaptation,3.2,3. 2.  Deep-rooted legume supporting nitrogen fixation in drought-prone areas.,3. 2.  Deep-rooted legume supporting nitrogen fixation in drought-prone areas.,,,,,3.2,
crop_adaptation,3.3,"3.3. Multi-use legume supporting food, fodder, and soil fertility under low rainfall.","3.3. Multi-use legume supporting food, fodder, and soil fertility under low rainfall.",,,,,3.3,
crop_adaptation,3.4,3. 4. Protein-rich pulse ideal for short-cycle farming in drylands.,3. 4. Protein-rich pulse ideal for short-cycle farming in drylands.,,,,,3.4,
crop_adaptation,3.5,3.5.Short-cycle pulse that fits into post-rainy season and relay farming systems.,3.5.Short-cycle pulse that fits into post-rainy season and relay farming systems.,,,,,3.5,
crop_adaptation,3.6,3.6. Short-cycle pulse that supports crop diversification and dietary resilience.,3.6. Short-cycle pulse that supports crop diversification and dietary resilience.,,,,,3.6,
crop_adaptation,3.7,3. 7. Dual-purpose crop offering both leafy greens and nutrient-dense grains for resilience.,3. 7. Dual-purpose crop offering both leafy greens and nutrient-dense grains for resilience.,,,,,3.7,
crop_adaptation,4.1,"4. 1. High-value tree crop with export potential and soil conservation benefits, livelihood diviosefication ro small jholder undertalers","4. 1. High-value tree crop with export potential and soil conservation benefits, livelihood diviosefication ro small jholder undertalers",,,,,4.1,
crop_adaptation,5.1,5.1. Staple food with energy potential and highly drought-resistant staple essential for food security in semi-arid regions.,5.1. Staple food with energy potential and highly drought-resistant staple essential for food security in semi-arid regions.,,,,,5.1,
crop_adaptation,5.2,5.2. Staple tuber crop with short maturity and high caloric contribution.,5.2. Staple tuber crop with short maturity and high caloric contribution.,,,,,5.2,
crop_adaptation,5.3,5. 3. calorie-rich staple that contributes to household food supply during dry seasons or lean periods.,5. 3. calorie-rich staple that contributes to household food supply during dry seasons or lean periods.,,,,,5.3,
crop_adaptation,5.4,5. 4. Swamp-grown tuber important for climate-smart wetland farming.,5. 4. Swamp-grown tuber important for climate-smart wetland farming.,,,,,5.4,
crop_adaptation,5.5,5.5. Staple food with energy potential performs in moist areas and provides fallback tuber food during climate stress.,5.5. Staple food with energy potential performs in moist areas and provides fallback tuber food during climate stress.,,,,,5.5,
crop_adaptation,5.6,5. 6. One of Staple food grows in wetlands and improves food access during dry seasons in lowland areas.,5. 6. One of Staple food grows in wetlands and improves food access during dry seasons in lowland areas.,,,,,5.6,
crop_adaptation,6.1,"6.1.Staple food, energy crops and strtaegic tuber crop suitable for cool zones with short growth cycle and storage capacity.","6.1.Staple food, energy crops and strtaegic tuber crop suitable for cool zones with short growth cycle and storage capacity.",,,,,6.1,
crop_adaptation,7.1,7.1. Staple oilseed crop improving food and income resilience.,7.1. Staple oilseed crop improving food and income resilience.,,,,,7.1,
crop_adaptation,8.1,8.1 Oilseed legume that improves income and soil under low-input farming systems.,8.1 Oilseed legume that improves income and soil under low-input farming systems.,,,,,8.1,
crop_adaptation,9.1,9.1. Oil-rich tree supporting sustainable livelihoods in coastal agroecologies.,9.1. Oil-rich tree supporting sustainable livelihoods in coastal agroecologies.,,,,,9.1,
crop_adaptation,9.2,9.2. High-value oilseed suitable for export and dry season cropping.,9.2. High-value oilseed suitable for export and dry season cropping.,,,,,9.2,
crop_adaptation,9.3,9.3. Oilseed crop with by-product value and potential in dryland income systems.,9.3. Oilseed crop with by-product value and potential in dryland income systems.,,,,,9.3,
crop_adaptation,10.1,10.1. Widely grown vegetable supporting year-round nutrition needs.,10.1. Widely grown vegetable supporting year-round nutrition needs.,,,,,10.1,
crop_adaptation,10.2,10.2. Multi-use crop supporting climate-smart nutrition and mixed cropping.,10.2. Multi-use crop supporting climate-smart nutrition and mixed cropping.,,,,,10.2,
crop_adaptation,10.3,10.3. Multi-use vegetable for nutrition and intercropping.,10.3. Multi-use vegetable for nutrition and intercropping.,,,,,10.3,
crop_adaptation,10.4,10.4. Moisture-demanding fruit with strong value chain resilience.,10.4. Moisture-demanding fruit with strong value chain resilience.,,,,,10.4,
crop_adaptation,10.5,10.5.High-yield vegetable with short maturity suited to intercropping systems.,10.5.High-yield vegetable with short maturity suited to intercropping systems.,,,,,10.5,
crop_adaptation,10.6,10.6. Moisture-demanding vegetable suited for raised-bed and kitchen garden systems.,10.6. Moisture-demanding vegetable suited for raised-bed and kitchen garden systems.,,,,,10.6,
crop_adaptation,10.7,10.7. Thrives in hot zones and supports food production in small land plots.,10.7. Thrives in hot zones and supports food production in small land plots.,,,,,10.7,
crop_adaptation,10.8,10.8. Iron-rich leafy vegetable that thrives in wet and dry conditions.,10.8. Iron-rich leafy vegetable that thrives in wet and dry conditions.,,,,,10.8,
crop_adaptation,10.9,10.9. Thrives in hot climates and can be grown under shade in kitchen plots.,10.9. Thrives in hot climates and can be grown under shade in kitchen plots.,,,,,10.9,
crop_adaptation,10.10,10.10. Includes capsicum and chili adapted to diverse production systems.,10.10. Includes capsicum and chili adapted to diverse production systems.,,,,,10.10,
crop_adaptation,11.1,11.1. Tolerates hot climates and adds spice-value to diversified kitchen gardens.,11.1. Tolerates hot climates and adds spice-value to diversified kitchen gardens.,,,,,11.1,
crop_adaptation,12.1,12.1. Versatile protein crop adaptable to low-rainfall agroecologies.,12.1. Versatile protein crop adaptable to low-rainfall agroecologies.,,,,,12.1,
crop_adaptation,13.1,13.1. High-value temperate fruit suitable for diversification in highland agroecological zones.,13.1. High-value temperate fruit suitable for diversification in highland agroecological zones.,,,,,13.1,
crop_adaptation,13.2,13.2. Underutilized fruit tree with adaptation potential in humid areas.,13.2. Underutilized fruit tree with adaptation potential in humid areas.,,,,,13.2,
crop_adaptation,13.3,13.3.Temperate fruit with economic value and adaptation in highland systems.,13.3.Temperate fruit with economic value and adaptation in highland systems.,,,,,13.3,
crop_adaptation,13.4,13.4. Temperate fruit crop suited to niche orchard and kitchen garden systems.,13.4. Temperate fruit crop suited to niche orchard and kitchen garden systems.,,,,,13.4,
crop_adaptation,13.5,13.5. Highland fruit with market and dietary adaptation benefit.,13.5. Highland fruit with market and dietary adaptation benefit.,,,,,13.5,
crop_adaptation,13.6,13.6.Tropical fruit tree supporting smallholder fruit processing and income.,13.6.Tropical fruit tree supporting smallholder fruit processing and income.,,,,,13.6,
crop_adaptation,13.7,13.7. Berries that adapt well to raised-bed and vertical farming systems.,13.7. Berries that adapt well to raised-bed and vertical farming systems.,,,,,13.7,
crop_adaptation,14.1,14.1. Adds citrus diversity and micronutrient-rich options in smallholder diets.,14.1. Adds citrus diversity and micronutrient-rich options in smallholder diets.,,,,,14.1,
crop_adaptation,14.2,14.2. Tolerates semi-arid climates and supports citrus diversification.,14.2. Tolerates semi-arid climates and supports citrus diversification.,,,,,14.2,
crop_adaptation,14.3,14.3. Supports agroecological income through fruit juice and citrus diversity.,14.3. Supports agroecological income through fruit juice and citrus diversity.,,,,,14.3,
crop_adaptation,14.4,14.4. Widespread citrus crop with nutrition and juice processing opportunity.,14.4. Widespread citrus crop with nutrition and juice processing opportunity.,,,,,14.4,
crop_adaptation,14.5,14.5. Small citrus fruit with high vitamin C and urban farming potential.,14.5. Small citrus fruit with high vitamin C and urban farming potential.,,,,,14.5,
crop_adaptation,15.1,15.1.  Widely accepted fruit supporting livelihoods and export diversification.,15.1.  Widely accepted fruit supporting livelihoods and export diversification.,,,,,15.1,
crop_adaptation,15.2,15.2. High-vitamin fruit with year-round production supporting dietary resilience.,15.2. High-vitamin fruit with year-round production supporting dietary resilience.,,,,,15.2,
crop_adaptation,15.3,15.3. Tropical fruit crop that tolerates heat and supports juice production.,15.3. Tropical fruit crop that tolerates heat and supports juice production.,,,,,15.3,
crop_adaptation,15.4,"15.4.Multipurpose coastal crop providing food, oil, and resilience in saline soils.","15.4.Multipurpose coastal crop providing food, oil, and resilience in saline soils.",,,,,15.4,
crop_adaptation,15.5,15.5. Large fruit tree providing food security buffer during seasonal food gaps.,15.5. Large fruit tree providing food security buffer during seasonal food gaps.,,,,,15.5,
crop_adaptation,15.6,15.6. Popular fruit crop with resilience to pests and seasonal climate changes.,15.6. Popular fruit crop with resilience to pests and seasonal climate changes.,,,,,15.6,
crop_adaptation,15.7,15.7. Tropical fruit tree with wide acceptance and short bearing time.,15.7. Tropical fruit tree with wide acceptance and short bearing time.,,,,,15.7,
crop_adaptation,16.1,16.1.Fast-growing vegetable with high market value in both rural and urban areas.,16.1.Fast-growing vegetable with high market value in both rural and urban areas.,,,,,16.1,
crop_adaptation,16.2,16.2. Grows quickly and thrives under irrigation or raised bed systems.,16.2. Grows quickly and thrives under irrigation or raised bed systems.,,,,,16.2,
crop_adaptation,16.3,16.3. Nutritious leafy vegetable that thrives in tropical agroecologies with minimal input.,16.3. Nutritious leafy vegetable that thrives in tropical agroecologies with minimal input.,,,,,16.3,
crop_adaptation,16.4,16.4. Nutritious leafy vegetable that thrives in kitchen gardens with minimal water.,16.4. Nutritious leafy vegetable that thrives in kitchen gardens with minimal water.,,,,,16.4,
crop_adaptation,16.5,16.5. Hardy leafy green with pest tolerance and continuous harvest potential.,16.5. Hardy leafy green with pest tolerance and continuous harvest potential.,,,,,16.5,
crop_adaptation,16.6,16.6Leafy green well-suited for protected and raised-bed farming systems.,16.6Leafy green well-suited for protected and raised-bed farming systems.,,,,,16.6,
crop_adaptation,16.7,16.7. High-fiber leafy vegetable improving food security and compost returns.,16.7. High-fiber leafy vegetable improving food security and compost returns.,,,,,16.7,
crop_adaptation,16.8,16.8.Nutrient-rich greens used in homestead and household gardens.,16.8.Nutrient-rich greens used in homestead and household gardens.,,,,,16.8,
crop_adaptation,16.9,"16.9.Fast-growing leafy vegetable rich in iron, ideal for nutrition-sensitive adaptation.","16.9.Fast-growing leafy vegetable rich in iron, ideal for nutrition-sensitive adaptation.",,,,,16.9,
crop_adaptation,16.10,16.10. Nutrient-dense indigenous vegetable suitable for low-input nutrition gardens.,16.10. Nutrient-dense indigenous vegetable suitable for low-input nutrition gardens.,,,,,16.10,
crop_adaptation,16.11,16.11.Indigenous leafy vegetable that grows in wild and managed plots.,16.11.Indigenous leafy vegetable that grows in wild and managed plots.,,,,,16.11,
crop_adaptation,17.1,17.1. Increases yield stability and soil fertility in rainfed smallholder farming systems.,17.1. Increases yield stability and soil fertility in rainfed smallholder farming systems.,,,,,17.1,
crop_adaptation,17.2,17.2. Combines climate-smart horticulture and cereal systems in mixed farming.,17.2. Combines climate-smart horticulture and cereal systems in mixed farming.,,,,,17.2,
crop_adaptation,17.3,17.3. Flexible rotation grain to reduce monocropping vulnerability in ARA farms.,17.3. Flexible rotation grain to reduce monocropping vulnerability in ARA farms.,,,,,17.3,
crop_adaptation,17.4,"17.4.Combines resilient cereals, legumes, and root crops for adaptive farms.","17.4.Combines resilient cereals, legumes, and root crops for adaptive farms.",,,,,17.4,
crop_adaptation,18.1,18.1. Includes grasses and legumes to stabilize soils and restore nutrient cycles.,18.1. Includes grasses and legumes to stabilize soils and restore nutrient cycles.,,,,,18.1,
crop_adaptation,19.1,"19.1. Includes herbs, greens, and other vegetables for adaptive home gardens.","19.1. Includes herbs, greens, and other vegetables for adaptive home gardens.",,,,,19.1,
crop_adaptation,20.1,20.1. Protected cropping improves yields and reduces weather-related losses.,20.1. Protected cropping improves yields and reduces weather-related losses.,,,,,20.1,
crop_adaptation,21.1,21.1. Protein-rich fungi offering nutritional resilience and urban farming opportunity.,21.1. Protein-rich fungi offering nutritional resilience and urban farming opportunity.,,,,,21.1,
crop_adaptation,22.1,22.1.Root crop with rotation and erosion control advantage.,22.1.Root crop with rotation and erosion control advantage.,,,,,22.1,
crop_adaptation,22.2,22.2.Storage-resistant bulb vegetable for peri-urban and rural climate gardens.,22.2.Storage-resistant bulb vegetable for peri-urban and rural climate gardens.,,,,,22.2,
crop_adaptation,22.3,22.3. Quick-growing root vegetable that supports climate-smart salad production.,22.3. Quick-growing root vegetable that supports climate-smart salad production.,,,,,22.3,
crop_adaptation,22.4,22.4. Pest-repelling root crop suitable for organic farming and climate resilience.,22.4. Pest-repelling root crop suitable for organic farming and climate resilience.,,,,,22.4,
crop_adaptation,23.1,23.1.Adaptable root spice supporting household health and diversified income.,23.1.Adaptable root spice supporting household health and diversified income.,,,,,23.1,
crop_adaptation,23.2,23.2.Cool climate root vegetable suited for kitchen and nutrition gardens.,23.2.Cool climate root vegetable suited for kitchen and nutrition gardens.,,,,,23.2,
crop_adaptation,24.1,24.1. Rich in antioxidants and ideal for peri-urban climate-smart kitchen gardens.,24.1. Rich in antioxidants and ideal for peri-urban climate-smart kitchen gardens.,,,,,24.1,
crop_adaptation,24.2,24.2. Adaptable root vegetable that fits well in mixed cropping for climate-smart nutrition.,24.2. Adaptable root vegetable that fits well in mixed cropping for climate-smart nutrition.,,,,,24.2,
crop_adaptation,25.1,25.1. Commercial spice supporting agroforestry income diversification for smallholders.,25.1. Commercial spice supporting agroforestry income diversification for smallholders.,,,,,25.1,
crop_adaptation,25.2,25.2. Shade-loving spice crop that supports agroforestry and niche market income.,25.2. Shade-loving spice crop that supports agroforestry and niche market income.,,,,,25.2,
crop_adaptation,25.3,25.3. Agroforestry spice crop with income potential in humid coastal zones.,25.3. Agroforestry spice crop with income potential in humid coastal zones.,,,,,25.3,
crop_adaptation,25.4,25.4. Export spice with historical climate adaptation role in Zanzibar agriculture.,25.4. Export spice with historical climate adaptation role in Zanzibar agriculture.,,,,,25.4,
crop_adaptation,25.5,25.5. Herb with culinary and medicinal value that grows well in climate-smart gardens.,25.5. Herb with culinary and medicinal value that grows well in climate-smart gardens.,,,,,25.5,
crop_adaptation,25.6,25.6.High-value seed spice for dryland areas supporting climate-resilient income.,25.6.High-value seed spice for dryland areas supporting climate-resilient income.,,,,,25.6,
crop_adaptation,25.7,25.7. Drought-tolerant herb with aromatic and market potential in drylands.,25.7. Drought-tolerant herb with aromatic and market potential in drylands.,,,,,25.7,
crop_adaptation,25.8,"25.8. Fast-growing herb suitable for aromatherapy, teas, and intercropping.","25.8. Fast-growing herb suitable for aromatherapy, teas, and intercropping.",,,,,25.8,
crop_adaptation,25.9,25.9. Root spice crop with commercial value in nutrition-sensitive markets.,25.9. Root spice crop with commercial value in nutrition-sensitive markets.,,,,,25.9,
crop_adaptation,25.10,25.10. High-value vanilla spice with agroforestry potential.,25.10. High-value vanilla spice with agroforestry potential.,,,,,25.10,
crop_adaptation,26.1,26.1. Provides yield stability and fruit quality under drought-prone conditions.,26.1. Provides yield stability and fruit quality under drought-prone conditions.,,,,,26.1,
crop_adaptation,27.1,27.1. Improves soil fertility when rotated or used in organic compost systems.,27.1. Improves soil fertility when rotated or used in organic compost systems.,,,,,27.1,
crop_adaptation,27.2,27.2.Improves soil cover and nitrogen content in degraded lands.,27.2.Improves soil cover and nitrogen content in degraded lands.,,,,,27.2,
crop_adaptation,28.1,28.1.Soilless farming approach that maximizes water efficiency in climate-vulnerable zones.,28.1.Soilless farming approach that maximizes water efficiency in climate-vulnerable zones.,,,,,28.1,
crop_adaptation,29,29. Accelerates adoption of climate-resilient varieties with short maturity.,29. Accelerates adoption of climate-resilient varieties with short maturity.,,,,,29,
crop_adaptation,30.1,30.1. Grass and perennial species that reduce erosion and support soil cover.,30.1. Grass and perennial species that reduce erosion and support soil cover.,,,,,30.1,
crop_adaptation,31.1,"31.1. Protecting crops from harsh winds, reducing evapotranspiration and soil erosion, carbon sinks, improving carbon sequestration and ecosystem","31.1. Protecting crops from harsh winds, reducing evapotranspiration and soil erosion, carbon sinks, improving carbon sequestration and ecosystem",,,,,31.1,
crop_adaptation,31.2,31.2. Improves soil moisture retention and organic matter for resilient farming systems.,31.2. Improves soil moisture retention and organic matter for resilient farming systems.,,,,,31.2,
crop_adaptation,31.3,31.3. Enables sustainable land use through diversity and improved yields.,31.3. Enables sustainable land use through diversity and improved yields.,,,,,31.3,
crop_adaptation,32.1,32.1. Provides protein and food security diversification through fish–vegetable integration.,32.1. Provides protein and food security diversification through fish–vegetable integration.,,,,,32.1,
crop_adaptation,96,"96. Other (please specify)""","96. Other (please specify)""",,,,,96,
technology,1,"1)Climate-smart seeds, including drought-tolerant, early-maturing, pest-resistant and locally adaptive varieties,","1)Climate-smart seeds, including drought-tolerant, early-maturing, pest-resistant and locally adaptive varieties,",,,,,,
technology,2,"2)Organic inputs, compost, bio-fertilizers and soil testing kits,","2)Organic inputs, compost, bio-fertilizers and soil testing kits,",,,,,,
technology,3,"3)Land preparation and mechanization, including tractors, rippers, planters and laser land levelling,","3)Land preparation and mechanization, including tractors, rippers, planters and laser land levelling,",,,,,,
technology,4,"4)Efficient irrigation, including solar pumps, drip, sprinkler and water-saving systems,","4)Efficient irrigation, including solar pumps, drip, sprinkler and water-saving systems,",,,,,,
technology,5,"5)Rainwater harvesting and water storage, including tanks, ponds, reservoirs and charco dams,","5)Rainwater harvesting and water storage, including tanks, ponds, reservoirs and charco dams,",,,,,,
technology,6,"6)Irrigation infrastructure improvement, including canal lining, desilting, flow regulation and paddy water management,","6)Irrigation infrastructure improvement, including canal lining, desilting, flow regulation and paddy water management,",,,,,,
technology,7,"7)Flood control and drainage systems for farms and irrigation schemes,","7)Flood control and drainage systems for farms and irrigation schemes,",,,,,,
technology,8,"8)Greenhouses, net shading and protected farming systems,","8)Greenhouses, net shading and protected farming systems,",,,,,,
technology,9,"9)Agroforestry, including fruit trees, banana, coffee, legumes, cereals and avocado,","9)Agroforestry, including fruit trees, banana, coffee, legumes, cereals and avocado,",,,,,,
technology,10,"10)Soil and water conservation, including mulching, minimum tillage, cover cropping and erosion control,","10)Soil and water conservation, including mulching, minimum tillage, cover cropping and erosion control,",,,,,,
technology,11,"11)Climate-resilient crop practices, including crop rotation, intercropping, farm diversification and conservation agriculture,","11)Climate-resilient crop practices, including crop rotation, intercropping, farm diversification and conservation agriculture,",,,,,,
technology,12,"12)Integrated pest management, including bio-pesticides and biological control,","12)Integrated pest management, including bio-pesticides and biological control,",,,,,,
technology,13,"13)Harvesting and post-harvest equipment, including harvesters, threshers, cleaners and grading machines,","13)Harvesting and post-harvest equipment, including harvesters, threshers, cleaners and grading machines,",,,,,,
technology,14,"14)Storage systems, including hermetic bags, silos, warehouses and grain storage,","14)Storage systems, including hermetic bags, silos, warehouses and grain storage,",,,,,,
technology,15,"15)Drying technologies, including solar and mechanical dryers,","15)Drying technologies, including solar and mechanical dryers,",,,,,,
technology,16,"16)Cold chain systems, including solar cold rooms, cold storage and refrigerated transport,","16)Cold chain systems, including solar cold rooms, cold storage and refrigerated transport,",,,,,,
technology,17,"17)Agro-processing and value-addition equipment, including milling, oil extraction, packaging and labelling,","17)Agro-processing and value-addition equipment, including milling, oil extraction, packaging and labelling,",,,,,,
technology,18,"18)Aggregation and market access infrastructure, including collection centres, storage hubs and distribution systems,","18)Aggregation and market access infrastructure, including collection centres, storage hubs and distribution systems,",,,,,,
technology,19,"19)Renewable energy and energy-efficiency systems for ARA value chains,","19)Renewable energy and energy-efficiency systems for ARA value chains,",,,,,,
technology,20,"20)Aquaculture, aquaponics and sustainable fisheries systems,","20)Aquaculture, aquaponics and sustainable fisheries systems,",,,,,,
technology,21,"21)Climate-resilient blue economy systems, including seaweed farming, solar fishing lighting, safer boats and fish value addition,","21)Climate-resilient blue economy systems, including seaweed farming, solar fishing lighting, safer boats and fish value addition,",,,,,,
climate_risk,1,"1)Drought, erratic rainfall, shortened rainy seasons, heat stress, pest and disease outbreaks, crop failure,","1)Drought, erratic rainfall, shortened rainy seasons, heat stress, pest and disease outbreaks, crop failure,",,,,,,1
climate_risk,2,"2)Soil fertility decline, land degradation, drought stress, low soil moisture, poor crop performance under climate stress,","2)Soil fertility decline, land degradation, drought stress, low soil moisture, poor crop performance under climate stress,",,,,,,2
climate_risk,3,"3)Delayed planting due to unpredictable rains, waterlogging, poor water distribution, soil compaction, labour shortage during short planting windows,","3)Delayed planting due to unpredictable rains, waterlogging, poor water distribution, soil compaction, labour shortage during short planting windows,",,,,,,3
climate_risk,4,"4)Drought, rainfall variability, dry spells, water scarcity, heat stress, crop water stress,","4)Drought, rainfall variability, dry spells, water scarcity, heat stress, crop water stress,",,,,,,4
climate_risk,5,"5)Drought, seasonal water shortages, erratic rainfall, prolonged dry spells, unreliable surface water availability,","5)Drought, seasonal water shortages, erratic rainfall, prolonged dry spells, unreliable surface water availability,",,,,,,5
climate_risk,6,"6)Water loss, inefficient irrigation, drought stress, uneven water distribution, siltation, reduced water availability in paddy schemes,","6)Water loss, inefficient irrigation, drought stress, uneven water distribution, siltation, reduced water availability in paddy schemes,",,,,,,6
climate_risk,7,"7)Flooding, waterlogging, soil erosion, crop submergence, extreme rainfall, infrastructure damage,","7)Flooding, waterlogging, soil erosion, crop submergence, extreme rainfall, infrastructure damage,",,,,,,7
climate_risk,8,"8)Heat stress, heavy rainfall, wind damage, pest outbreaks, water stress, crop damage from climate variability,","8)Heat stress, heavy rainfall, wind damage, pest outbreaks, water stress, crop damage from climate variability,",,,,,,8
climate_risk,9,"9)Soil erosion, heat stress, drought, wind damage, land degradation, biodiversity loss, carbon loss,","9)Soil erosion, heat stress, drought, wind damage, land degradation, biodiversity loss, carbon loss,",,,,,,9
climate_risk,10,"10)Soil erosion, drought, low soil moisture, land degradation, runoff, reduced soil fertility,","10)Soil erosion, drought, low soil moisture, land degradation, runoff, reduced soil fertility,",,,,,,10
climate_risk,11,"11)Crop failure, pest and disease outbreaks, market shocks, drought, soil fertility decline, climate-induced income loss,","11)Crop failure, pest and disease outbreaks, market shocks, drought, soil fertility decline, climate-induced income loss,",,,,,,11
climate_risk,12,"12)Pest outbreaks, disease pressure, invasive pests, crop losses linked to temperature and rainfall changes,","12)Pest outbreaks, disease pressure, invasive pests, crop losses linked to temperature and rainfall changes,",,,,,,12
climate_risk,13,"13)Harvest losses, delayed harvesting due to rainfall, grain damage, quality deterioration, labour shortages,","13)Harvest losses, delayed harvesting due to rainfall, grain damage, quality deterioration, labour shortages,",,,,,,13
climate_risk,14,"14)Post-harvest losses, pest infestation, humidity damage, mould, aflatoxin risk, food insecurity during climate shocks,","14)Post-harvest losses, pest infestation, humidity damage, mould, aflatoxin risk, food insecurity during climate shocks,",,,,,,14
climate_risk,15,"15)Excess rainfall during harvest, high humidity, poor drying conditions, mould, aflatoxin and quality deterioration,","15)Excess rainfall during harvest, high humidity, poor drying conditions, mould, aflatoxin and quality deterioration,",,,,,,15
climate_risk,16,"16)Heat stress, spoilage, market supply disruption, post-harvest losses, perishability risks in horticulture, dairy and fish,","16)Heat stress, spoilage, market supply disruption, post-harvest losses, perishability risks in horticulture, dairy and fish,",,,,,,16
climate_risk,17,"17)Post-harvest losses, market price volatility, income instability, poor shelf life, climate-related quality deterioration,","17)Post-harvest losses, market price volatility, income instability, poor shelf life, climate-related quality deterioration,",,,,,,17
climate_risk,18,"18)Market disruption, transport delays, post-harvest losses, climate-related supply instability, farmer income shocks,","18)Market disruption, transport delays, post-harvest losses, climate-related supply instability, farmer income shocks,",,,,,,18
climate_risk,19,"19)Energy insecurity, high diesel costs, emission risks, power outages, unreliable processing and cooling during climate shocks,","19)Energy insecurity, high diesel costs, emission risks, power outages, unreliable processing and cooling during climate shocks,",,,,,,19
climate_risk,20,"20)Declining fish catch, water scarcity, temperature stress, food insecurity, livelihood vulnerability, climate pressure on aquatic ecosystems,","20)Declining fish catch, water scarcity, temperature stress, food insecurity, livelihood vulnerability, climate pressure on aquatic ecosystems,",,,,,,20
climate_risk,21,"21)Coastal erosion, storms, sea-level rise, declining marine productivity, unsafe fishing conditions, fish spoilage, livelihood shocks,","21)Coastal erosion, storms, sea-level rise, declining marine productivity, unsafe fishing conditions, fish spoilage, livelihood shocks,",,,,,,21
adaptation,1,"1)Improves crop survival, yield stability and production reliability under changing rainfall and temperature conditions,","1)Improves crop survival, yield stability and production reliability under changing rainfall and temperature conditions,",,,,,,1
adaptation,2,"2)Restores soil health, improves nutrient efficiency and increases soil moisture retention for resilient crop production,","2)Restores soil health, improves nutrient efficiency and increases soil moisture retention for resilient crop production,",,,,,,2
adaptation,3,"3)Enables timely planting, improves field preparation and enhances water distribution, especially in paddy and irrigated schemes,","3)Enables timely planting, improves field preparation and enhances water distribution, especially in paddy and irrigated schemes,",,,,,,3
adaptation,4,"4)Reduces dependence on rainfall and improves water-use efficiency for stable production during dry periods,","4)Reduces dependence on rainfall and improves water-use efficiency for stable production during dry periods,",,,,,,4
adaptation,5,"5)Captures and stores water for use during dry periods, improving farm water security and climate resilience,","5)Captures and stores water for use during dry periods, improving farm water security and climate resilience,",,,,,,5
adaptation,6,"6)Reduces water losses, improves flow efficiency and ensures reliable irrigation supply in paddy and crop schemes,","6)Reduces water losses, improves flow efficiency and ensures reliable irrigation supply in paddy and crop schemes,",,,,,,6
adaptation,7,"7)Protects crops, farms and irrigation infrastructure from excess water and extreme rainfall events,","7)Protects crops, farms and irrigation infrastructure from excess water and extreme rainfall events,",,,,,,7
adaptation,8,"8)Creates controlled production conditions, reducing exposure to climate shocks and improving productivity,","8)Creates controlled production conditions, reducing exposure to climate shocks and improving productivity,",,,,,,8
adaptation,9,"9)Provides shade, improves soil structure, reduces erosion, diversifies income and enhances long-term ecosystem resilience,","9)Provides shade, improves soil structure, reduces erosion, diversifies income and enhances long-term ecosystem resilience,",,,,,,9
adaptation,10,"10)Conserves soil moisture, reduces erosion and improves soil productivity under climate stress,","10)Conserves soil moisture, reduces erosion and improves soil productivity under climate stress,",,,,,,10
adaptation,11,"11)Spreads production risk, improves soil fertility and strengthens farm resilience to climate and market shocks,","11)Spreads production risk, improves soil fertility and strengthens farm resilience to climate and market shocks,",,,,,,11
adaptation,12,"12)Reduces crop losses and chemical dependency while improving ecological pest control under changing climate conditions,","12)Reduces crop losses and chemical dependency while improving ecological pest control under changing climate conditions,",,,,,,12
adaptation,13,"13)Reduces losses during harvesting and handling, improves product quality and protects farmer income,","13)Reduces losses during harvesting and handling, improves product quality and protects farmer income,",,,,,,13
adaptation,14,"14)Preserves produce quality, reduces storage losses and improves food availability during climate shocks,","14)Preserves produce quality, reduces storage losses and improves food availability during climate shocks,",,,,,,14
adaptation,15,"15)Enables safe and timely drying, reducing spoilage and protecting crop quality during wet or humid periods,","15)Enables safe and timely drying, reducing spoilage and protecting crop quality during wet or humid periods,",,,,,,15
adaptation,16,"16)Maintains product freshness and reduces losses for horticulture, dairy and fish value chains,","16)Maintains product freshness and reduces losses for horticulture, dairy and fish value chains,",,,,,,16
adaptation,17,"17)Extends shelf life, increases value addition and improves farmer and SME income stability,","17)Extends shelf life, increases value addition and improves farmer and SME income stability,",,,,,,17
adaptation,18,"18)Improves produce aggregation, storage and market linkage, reducing climate-related market and income risks,","18)Improves produce aggregation, storage and market linkage, reducing climate-related market and income risks,",,,,,,18
adaptation,19,"19)Provides reliable, low-cost and low-emission energy for irrigation, cooling, processing and productive use,","19)Provides reliable, low-cost and low-emission energy for irrigation, cooling, processing and productive use,",,,,,,19
adaptation,20,"20)Diversifies climate-resilient livelihoods and improves food security through controlled and efficient aquatic production,","20)Diversifies climate-resilient livelihoods and improves food security through controlled and efficient aquatic production,",,,,,,20
adaptation,21,"21)Strengthens coastal livelihoods, improves safety, reduces fish losses and supports resilience of blue economy value chains,","21)Strengthens coastal livelihoods, improves safety, reduces fish losses and supports resilience of blue economy value chains,",,,,,,21
additional,1,"1)Reduced crop failure and land expansion pressure; improved resource-use efficiency,","1)Reduced crop failure and land expansion pressure; improved resource-use efficiency,",,,,,,1
additional,2,"2)Soil carbon improvement; reduced synthetic fertilizer emissions,","2)Soil carbon improvement; reduced synthetic fertilizer emissions,",,,,,,2
additional,3,"3)Reduced fuel use per output; improved water and input efficiency,","3)Reduced fuel use per output; improved water and input efficiency,",,,,,,3
additional,4,"4)Solar irrigation reduces diesel emissions; efficient water pumping saves energy,","4)Solar irrigation reduces diesel emissions; efficient water pumping saves energy,",,,,,,4
additional,5,"5)Reduced reliance on diesel-powered emergency water pumping,","5)Reduced reliance on diesel-powered emergency water pumping,",,,,,,5
additional,6,"6)Lower pumping demand; improved water productivity per crop output,","6)Lower pumping demand; improved water productivity per crop output,",,,,,,6
additional,7,"7)Reduced crop loss and replanting emissions; protection of soil carbon,","7)Reduced crop loss and replanting emissions; protection of soil carbon,",,,,,,7
additional,8,"8)Efficient water and input use; reduced land pressure through higher yields,","8)Efficient water and input use; reduced land pressure through higher yields,",,,,,,8
additional,9,"9)Carbon sequestration through trees; improved biomass and soil carbon,","9)Carbon sequestration through trees; improved biomass and soil carbon,",,,,,,9
additional,10,"10)Increased soil organic carbon; reduced tillage-related emissions,","10)Increased soil organic carbon; reduced tillage-related emissions,",,,,,,10
additional,11,"11)Improved soil carbon; reduced chemical input intensity,","11)Improved soil carbon; reduced chemical input intensity,",,,,,,11
additional,12,"12)Reduced synthetic pesticide use and pollution; biodiversity protection,","12)Reduced synthetic pesticide use and pollution; biodiversity protection,",,,,,,12
additional,13,"13)Reduced food loss emissions; improved productivity per unit produced,","13)Reduced food loss emissions; improved productivity per unit produced,",,,,,,13
additional,14,"14)Reduced food loss and methane emissions from spoiled produce,","14)Reduced food loss and methane emissions from spoiled produce,",,,,,,14
additional,15,"15)Solar drying reduces fossil fuel use; reduced spoilage emissions,16)Solar and efficient cooling reduce energy emissions; reduced food loss,","15)Solar drying reduces fossil fuel use; reduced spoilage emissions,16)Solar and efficient cooling reduce energy emissions; reduced food loss,",,,,,,15
additional,16,"17)Efficient processing reduces losses and emissions per unit value,","17)Efficient processing reduces losses and emissions per unit value,",,,,,,16
additional,17,"18)Reduced transport inefficiency; reduced waste through organized logistics,","18)Reduced transport inefficiency; reduced waste through organized logistics,",,,,,,17
additional,18,"19)Direct GHG reduction from solar, biogas and efficient equipment,","19)Direct GHG reduction from solar, biogas and efficient equipment,",,,,,,18
additional,19,"20)Efficient water reuse; reduced pressure on wild fish stocks,","20)Efficient water reuse; reduced pressure on wild fish stocks,",,,,,,19
additional,20,"21)Seaweed carbon co-benefits; solar lighting reduces fuel use; reduced fish spoilage,","21)Seaweed carbon co-benefits; solar lighting reduces fuel use; reduced fish spoilage,",,,,,,20
additional,21,22)Other; Specify.,22)Other; Specify.,,,,,,21
SDGs,1,1)SDG 1 – No Poverty; SDG 2 – Zero Hunger; SDG 12 – Responsible Consumption and Production; SDG 13 – Climate Action,1)SDG 1 – No Poverty; SDG 2 – Zero Hunger; SDG 12 – Responsible Consumption and Production; SDG 13 – Climate Action,,,,,,1
SDGs,2,2)SDG 2 – Zero Hunger; SDG 12 – Responsible Consumption and Production; SDG 13 – Climate Action; SDG 15 – Life on Land,2)SDG 2 – Zero Hunger; SDG 12 – Responsible Consumption and Production; SDG 13 – Climate Action; SDG 15 – Life on Land,,,,,,2
SDGs,3,"3)SDG 2 – Zero Hunger; SDG 8 – Decent Work and Economic Growth; SDG 9 – Industry, Innovation and Infrastructure; SDG 12 – Responsible Consumption and Production; SDG 13 – Climate Action","3)SDG 2 – Zero Hunger; SDG 8 – Decent Work and Economic Growth; SDG 9 – Industry, Innovation and Infrastructure; SDG 12 – Responsible Consumption and Production; SDG 13 – Climate Action",,,,,,3
SDGs,4,4)SDG 2 – Zero Hunger; SDG 6 – Clean Water and Sanitation; SDG 7 – Affordable and Clean Energy; SDG 12 – Responsible Consumption and Production; SDG 13 – Climate Action,4)SDG 2 – Zero Hunger; SDG 6 – Clean Water and Sanitation; SDG 7 – Affordable and Clean Energy; SDG 12 – Responsible Consumption and Production; SDG 13 – Climate Action,,,,,,4
SDGs,5,"5)SDG 2 – Zero Hunger; SDG 6 – Clean Water and Sanitation; SDG 9 – Industry, Innovation and Infrastructure; SDG 13 – Climate Action","5)SDG 2 – Zero Hunger; SDG 6 – Clean Water and Sanitation; SDG 9 – Industry, Innovation and Infrastructure; SDG 13 – Climate Action",,,,,,5
SDGs,6,"6)SDG 2 – Zero Hunger; SDG 6 – Clean Water and Sanitation; SDG 9 – Industry, Innovation and Infrastructure; SDG 12 – Responsible Consumption and Production; SDG 13 – Climate Action","6)SDG 2 – Zero Hunger; SDG 6 – Clean Water and Sanitation; SDG 9 – Industry, Innovation and Infrastructure; SDG 12 – Responsible Consumption and Production; SDG 13 – Climate Action",,,,,,6
SDGs,7,"7)SDG 2 – Zero Hunger; SDG 6 – Clean Water and Sanitation; SDG 9 – Industry, Innovation and Infrastructure; SDG 11 – Sustainable Cities and Communities; SDG 13 – Climate Action","7)SDG 2 – Zero Hunger; SDG 6 – Clean Water and Sanitation; SDG 9 – Industry, Innovation and Infrastructure; SDG 11 – Sustainable Cities and Communities; SDG 13 – Climate Action",,,,,,7
SDGs,8,"8)SDG 2 – Zero Hunger; SDG 8 – Decent Work and Economic Growth; SDG 9 – Industry, Innovation and Infrastructure; SDG 12 – Responsible Consumption and Production; SDG 13 – Climate Action","8)SDG 2 – Zero Hunger; SDG 8 – Decent Work and Economic Growth; SDG 9 – Industry, Innovation and Infrastructure; SDG 12 – Responsible Consumption and Production; SDG 13 – Climate Action",,,,,,8
SDGs,9,9)SDG 1 – No Poverty; SDG 2 – Zero Hunger; SDG 13 – Climate Action; SDG 15 – Life on Land,9)SDG 1 – No Poverty; SDG 2 – Zero Hunger; SDG 13 – Climate Action; SDG 15 – Life on Land,,,,,,9
SDGs,10,10)SDG 2 – Zero Hunger; SDG 6 – Clean Water and Sanitation; SDG 12 – Responsible Consumption and Production; SDG 13 – Climate Action; SDG 15 – Life on Land,10)SDG 2 – Zero Hunger; SDG 6 – Clean Water and Sanitation; SDG 12 – Responsible Consumption and Production; SDG 13 – Climate Action; SDG 15 – Life on Land,,,,,,10
SDGs,11,11)SDG 1 – No Poverty; SDG 2 – Zero Hunger; SDG 8 – Decent Work and Economic Growth; SDG 12 – Responsible Consumption and Production; SDG 13 – Climate Action; SDG 15 – Life on Land,11)SDG 1 – No Poverty; SDG 2 – Zero Hunger; SDG 8 – Decent Work and Economic Growth; SDG 12 – Responsible Consumption and Production; SDG 13 – Climate Action; SDG 15 – Life on Land,,,,,,11
SDGs,12,12)SDG 2 – Zero Hunger; SDG 3 – Good Health and Well-being; SDG 12 – Responsible Consumption and Production; SDG 13 – Climate Action; SDG 15 – Life on Land,12)SDG 2 – Zero Hunger; SDG 3 – Good Health and Well-being; SDG 12 – Responsible Consumption and Production; SDG 13 – Climate Action; SDG 15 – Life on Land,,,,,,12
SDGs,13,"13)SDG 2 – Zero Hunger; SDG 8 – Decent Work and Economic Growth; SDG 9 – Industry, Innovation and Infrastructure; SDG 12 – Responsible Consumption and Production; SDG 13 – Climate Action","13)SDG 2 – Zero Hunger; SDG 8 – Decent Work and Economic Growth; SDG 9 – Industry, Innovation and Infrastructure; SDG 12 – Responsible Consumption and Production; SDG 13 – Climate Action",,,,,,13
SDGs,14,"14)SDG 2 – Zero Hunger; SDG 3 – Good Health and Well-being; SDG 9 – Industry, Innovation and Infrastructure; SDG 12 – Responsible Consumption and Production; SDG 13 – Climate Action","14)SDG 2 – Zero Hunger; SDG 3 – Good Health and Well-being; SDG 9 – Industry, Innovation and Infrastructure; SDG 12 – Responsible Consumption and Production; SDG 13 – Climate Action",,,,,,14
SDGs,15,"15)SDG 2 – Zero Hunger; SDG 7 – Affordable and Clean Energy; SDG 9 – Industry, Innovation and Infrastructure; SDG 12 – Responsible Consumption and Production; SDG 13 – Climate Action","15)SDG 2 – Zero Hunger; SDG 7 – Affordable and Clean Energy; SDG 9 – Industry, Innovation and Infrastructure; SDG 12 – Responsible Consumption and Production; SDG 13 – Climate Action",,,,,,15
SDGs,16,"16)SDG 2 – Zero Hunger; SDG 7 – Affordable and Clean Energy; SDG 8 – Decent Work and Economic Growth; SDG 9 – Industry, Innovation and Infrastructure; SDG 12 – Responsible Consumption and Production; SDG 13 – Climate Action","16)SDG 2 – Zero Hunger; SDG 7 – Affordable and Clean Energy; SDG 8 – Decent Work and Economic Growth; SDG 9 – Industry, Innovation and Infrastructure; SDG 12 – Responsible Consumption and Production; SDG 13 – Climate Action",,,,,,16
SDGs,17,"17)SDG 1 – No Poverty; SDG 2 – Zero Hunger; SDG 8 – Decent Work and Economic Growth; SDG 9 – Industry, Innovation and Infrastructure; SDG 12 – Responsible Consumption and Production; SDG 13 – Climate Action","17)SDG 1 – No Poverty; SDG 2 – Zero Hunger; SDG 8 – Decent Work and Economic Growth; SDG 9 – Industry, Innovation and Infrastructure; SDG 12 – Responsible Consumption and Production; SDG 13 – Climate Action",,,,,,17
SDGs,18,"18)SDG 1 – No Poverty; SDG 2 – Zero Hunger; SDG 8 – Decent Work and Economic Growth; SDG 9 – Industry, Innovation and Infrastructure; SDG 12 – Responsible Consumption and Production; SDG 13 – Climate Action","18)SDG 1 – No Poverty; SDG 2 – Zero Hunger; SDG 8 – Decent Work and Economic Growth; SDG 9 – Industry, Innovation and Infrastructure; SDG 12 – Responsible Consumption and Production; SDG 13 – Climate Action",,,,,,18
SDGs,19,"19)SDG 7 – Affordable and Clean Energy; SDG 8 – Decent Work and Economic Growth; SDG 9 – Industry, Innovation and Infrastructure; SDG 12 – Responsible Consumption and Production; SDG 13 – Climate Action","19)SDG 7 – Affordable and Clean Energy; SDG 8 – Decent Work and Economic Growth; SDG 9 – Industry, Innovation and Infrastructure; SDG 12 – Responsible Consumption and Production; SDG 13 – Climate Action",,,,,,19
SDGs,20,20)SDG 1 – No Poverty; SDG 2 – Zero Hunger; SDG 6 – Clean Water and Sanitation; SDG 8 – Decent Work and Economic Growth; SDG 12 – Responsible Consumption and Production; SDG 13 – Climate Action; SDG 14 – Life Below Water,20)SDG 1 – No Poverty; SDG 2 – Zero Hunger; SDG 6 – Clean Water and Sanitation; SDG 8 – Decent Work and Economic Growth; SDG 12 – Responsible Consumption and Production; SDG 13 – Climate Action; SDG 14 – Life Below Water,,,,,,20
SDGs,21,21)SDG 1 – No Poverty; SDG 2 – Zero Hunger; SDG 7 – Affordable and Clean Energy; SDG 8 – Decent Work and Economic Growth; SDG 12 – Responsible Consumption and Production; SDG 13 – Climate Action; SDG 14 – Life Below Water,21)SDG 1 – No Poverty; SDG 2 – Zero Hunger; SDG 7 – Affordable and Clean Energy; SDG 8 – Decent Work and Economic Growth; SDG 12 – Responsible Consumption and Production; SDG 13 – Climate Action; SDG 14 – Life Below Water,,,,,,21
Irrigation_Type,1,"1)Drip Irrigation,",Umwagiliaji wa Matone,,,,,,
Irrigation_Type,2,"2)Sprinkler Irrigation,",Umwagiliaji wa Vinyunyizio,,,,,,
Irrigation_Type,3,"3)Flood Irrigation,",Umwagiliaji wa Mafuriko,,,,,,
Irrigation_Type,4,"4)Furrow Irrigation,",Umwagiliaji wa Mifereji,,,,,,
Irrigation_Type,5,"5)Basin Irrigation,",Umwagiliaji wa Mabonde,,,,,,
Irrigation_Type,6,"6)Paddy Irrigation / Canal Irrigation,",Umwagiliaji wa Mashamba ya Mpunga / Mifereji ya Umwagiliaji,,,,,,
Irrigation_Type,7,"7)Solar-Powered Pump Irrigation,",Umwagiliaji kwa Pampu Zinazotumia Nishati ya Jua,,,,,,
Irrigation_Type,8,"8)Diesel-Powered Pump Irrigation,",Umwagiliaji kwa Pampu Zinazotumia Dizeli,,,,,,
Irrigation_Type,9,"9)Electric Pump Irrigation,",Umwagiliaji kwa Pampu Zinazotumia Umeme,,,,,,
Irrigation_Type,10,"10)Rain-Fed Farming,",Kilimo cha Kutegemea Mvua,,,,,,
Irrigation_Type,11,"11)Rainwater Harvesting Irrigation,",Umwagiliaji kwa Kuvuna na Kuhifadhi Maji ya Mvua,,,,,,
Irrigation_Type,12,"12)Gravity-Fed Irrigation,",Umwagiliaji wa Mteremko kwa Nguvu ya Mvuto,,,,,,
Irrigation_Type,13,"13)Treadle / Manual Pump Irrigation,",Umwagiliaji kwa Pampu za Kukanyaga au Kuendeshwa kwa Mikono,,,,,,
Irrigation_Type,14,"14)Charco Dam / Farm Pond Irrigation,",Umwagiliaji kwa Mabwawa ya Charco au Mabwawa ya Shambani,,,,,,
Irrigation_Type,96,15)Other Eligible; Specify,Nyingine Zinazostahiki; Bainisha,,,,,,
Water_Source,1,"1)Borehole water,",Maji ya Kisima Kirefu (Borehole),,,,,,
Water_Source,2,"2)Shallow and deep well water,",Maji ya Visima vya Kifupi na Virefu,,,,,,
Water_Source,3,"3)River and stream water,",Maji ya Mito na Vijito,,,,,,
Water_Source,4,"4)Lake water,",Maji ya Maziwa,,,,,,
Water_Source,5,"5)Pond and farm pond water,",Maji ya Mabwawa na Mabwawa ya Shambani,,,,,,
Water_Source,6,"6)Charco dam water,",Maji ya Bwawa la Charco,,,,,,
Water_Source,7,"7)Reservoir and dam water,",Maji ya Mabwawa Makubwa na Mabwawa ya Kuhifadhi Maji,,,,,,
Water_Source,8,"8)Rainwater harvesting,",Uvunaji na Uhifadhi wa Maji ya Mvua,,,,,,
Water_Source,9,"9)Roof catchment rainwater,",Maji ya Mvua Yanayokusanywa Kutoka Kwenye Mapaa,,,,,,
Water_Source,10,"10)Surface runoff harvesting,",Uvunaji wa Maji ya Mtiririko wa Juu ya Ardhi,,,,,,
Water_Source,11,"11)Canal water,",Maji ya Mifereji ya Umwagiliaji,,,,,,
Water_Source,12,"12)Irrigation scheme water,",Maji ya Skimu za Umwagiliaji,,,,,,
Water_Source,13,"13)Spring water,",Maji ya Chemchemi,,,,,,
Water_Source,14,"14)Wetland or valley-bottom water, where legally permitted,","Maji ya Maeneo Oevu au Mabonde ya Mito, Pale Inaporuhusiwa Kisheria",,,,,,
Water_Source,15,"15)Groundwater abstraction,",Uchukuaji wa Maji ya Chini ya Ardhi,,,,,,
Water_Source,16,"16)Recycled or treated wastewater for irrigation, where safely permitted,","Maji Taka Yaliyosafishwa au Kutibiwa kwa Ajili ya Umwagiliaji, Pale Inaporuhusiwa kwa Usalama",,,,,,
Water_Source,17,"17)Municipal, utility or community water supply,","Maji ya Huduma za Maji za Manispaa, Shirika la Maji au Jamii",,,,,,
Water_Source,96,18)Other Eligible; Specify.,Nyingine,,,,,,
Energy_Source,1,"1)National grid electricity,",Umeme wa Gridi ya Taifa,,,,,,
Energy_Source,2,"2)Diesel and petrol-powered systems, including generators and machinery,","Mifumo Inayotumia Dizeli na Petroli, Ikijumuisha Jenereta na Mitambo",,,,,,
Energy_Source,3,"3)Solar energy and solar hybrid systems,",Nishati ya Jua na Mifumo Mseto ya Nishati ya Jua,,,,,,
Energy_Source,4,"4)Battery and energy storage systems,",Betri na Mifumo ya Kuhifadhi Nishati,,,,,,
Energy_Source,5,"5)Firewood and charcoal,",Kuni na Mkaa,,,,,,
Energy_Source,6,"6)Biomass residues, including rice husks, bagasse and agro-waste,","Mabaki ya Biomasi, Ikiwemo Maganda ya Mpunga, Mabaki ya Miwa (Bagasse) na Taka za Kilimo",,,,,,
Energy_Source,7,"7)Biogas,",Nishati ya Biogesi,,,,,,
Energy_Source,8,"8)LPG and natural gas,",Gesi ya LPG na Gesi Asilia,,,,,,
Energy_Source,9,"9)Manual labour and animal power,",Nguvu Kazi ya Binadamu na Wanyama wa Kazi,,,,,,
Energy_Source,96,10)Other Eligible; Specify.,Nyingine Zinazostahiki; Bainisha,,,,,,
Adopted_Energy,1,"1)Solar energy systems, including solar PV,","Mifumo ya Nishati ya Jua, Ikiwemo Mifumo ya Solar PV",,,,,,
Adopted_Energy,2,"2)Solar-powered irrigation pumps,",Pampu za Umwagiliaji Zinazotumia Nishati ya Jua,,,,,,
Adopted_Energy,3,"3)Solar cold rooms, refrigeration and cooling systems,","Vyumba Baridi, Majokofu na Mifumo ya Upoezaji Inayotumia Nishati ya Jua",,,,,,
Adopted_Energy,4,"4)Solar-powered agro-processing and productive-use equipment,",Vifaa vya Uchakataji wa Mazao na Uzalishaji Vinavyotumia Nishati ya Jua,,,,,,
Adopted_Energy,5,"5)Solar dryers for crops, fish and spices,","Vikaushio vya Mazao, Samaki na Viungo Vinavyotumia Nishati ya Jua",,,,,,
Adopted_Energy,6,"6)Solar mini-grids, off-grid and hybrid systems,","Gridi Ndogo za Nishati ya Jua, Mifumo Isiyounganishwa na Gridi Kuu na Mifumo Mseto",,,,,,
Adopted_Energy,7,"7)Battery energy storage systems,",Mifumo ya Kuhifadhi Nishati kwa Betri,,,,,,
Adopted_Energy,8,"8)Biogas systems from manure and organic waste,",Mifumo ya Biogesi Inayotokana na Samadi na Taka za Kikaboni,,,,,,
Adopted_Energy,9,"9)Biomass energy from rice husks, bagasse and agro-waste,","Nishati ya Biomasi Kutokana na Maganda ya Mpunga, Mabaki ya Miwa (Bagasse) na Taka za Kilimo",,,,,,
Adopted_Energy,10,"10)Efficient grid-connected electric systems, motors, pumps and compressors,","Mifumo Bora ya Umeme Iliyounganishwa na Gridi Kuu, Ikiwemo Motori, Pampu na Kompresa Zenye Ufanisi wa Nishati",,,,,,
Adopted_Energy,11,"11)Clean cooking and efficient thermal systems, including LPG, biogas, electric cooking, boilers and heat recovery,","Mifumo Safi ya Kupikia na Mifumo Bora ya Nishati ya Joto, Ikiwemo LPG, Biogesi, Upishi wa Umeme, Boila na Mifumo ya Urejeshaji wa Joto",,,,,,
Adopted_Energy,96,12)Other Eligible; Specify.,Nyingine Zinazostahiki;,,,,,,
group_type,producer_group,Producer Group,Producer Group,,,,,,
group_type,cooperative,Cooperative,Cooperative,,,,,,
group_type,sacco,SACCO,SACCO,,,,,,
training_type,1,ARA Practices,Mbinu za ARA,,,,,,
training_type,2,Financial Inclusion,Ujumuishaji wa Kifedha,,,,,,
training_type,3,Gender & Social Inclusion,Ujumuishaji wa Kijinsia na Kijamii,,,,,,
training_type,4,Climate-Smart Agriculture,Kilimo Himilivu kwa Mabadiliko ya Tabianchi,,,,,,
training_type,5,Post-Harvest Management,Usimamizi wa Baada ya Mavuno,,,,,,
target_group,1,Women,Wanawake,,,,,,
target_group,2,Youth (18–35),Vijana (Miaka 18–35),,,,,,
target_group,3,Vulnerable Groups,Makundi Yaliyo Katika Mazingira Hatarishi,,,,,,
target_group,4,Persons with Disabilities,Watu Wenye Ulemavu,,,,,,
target_group,5,Mixed Group,Kundi Mchanganyiko,,,,,,
gender_focus,1,Joint decision-making,Uamuzi wa Pamoja,,,,,,
gender_focus,2,Women leadership,Uongozi wa Wanawake,,,,,,
gender_focus,3,Access to finance,Upatikanaji wa Huduma za Kifedha,,,,,,
gender_focus,4,Labor burden reduction,Kupunguza Mzigo wa Kazi,,,,,,
gender_focus,5,Equal benefit sharing,Mgawanyo Sawa wa Manufaa,,,,,,
vc_stages,1,FARM PREPARATION STAGE BENEFICIARIES,Mnufaika wa Hatua ya Maandalizi ya Shamba,,,,,,
vc_stages,2,FARM OPERATIONS STAGE BENEFICIARIES,Mnufaika wa Hatua ya Uendeshaji wa Shamba,,,,,,
vc_stages,3,INPUT SUPPLY STAGE BENEFICIARIES,Mnufaika wa Hatua ya Ugavi wa Pembejeo,,,,,,
vc_stages,4,WEEDING / FIELD MANAGEMENT STAGE BENEFICIARIES,Mnufaika wa Hatua ya Palizi na Usimamizi wa Shamba,,,,,,
vc_stages,5,PRE-HARVEST / PEST CONTROL STAGE BENEFICIARIES,Mnufaika wa Hatua ya Kabla ya Mavuno na Udhibiti wa Wadudu na Magonjwa,,,,,,
vc_stages,6,HARVESTING STAGE BENEFICIARIES,Mnufaika wa Hatua ya Uvunaji,,,,,,
vc_stages,7,POST-HARVEST HANDLING STAGE BENEFICIARIES,Mnufaika wa Hatua ya Ushughulikiaji wa Mazao Baada ya Mavuno,,,,,,
vc_stages,8,STORAGE / WAREHOUSING STAGE BENEFICIARIES,Mnufaika wa Hatua ya Uhifadhi na Ughala,,,,,,
vc_stages,9,CCROP TRANSPORT STAGE BENEFICIARIES,Mnufaika wa Hatua ya Usafirishaji wa Mazao,,,,,,
vc_stages,10,VALUE ADDITION/PROCESSING  STAGE BENEFICIARIES,Mnufaika wa Hatua ya Uongezaji Thamani na Uchakataji,,,,,,
vc_stages,11,AQUACULTURE PRODUCTION STAGE BENEFICIARIES,Mnufaika wa Hatua ya Uzalishaji wa Samaki kwa Njia ya Ufugaji wa Majini (Aquaculture),,,,,,
vc_stages,12,FISHERIES LANDING STAGE BENEFICIARIES,Mnufaika wa Hatua ya Utiaji wa Samaki Nchini (Fisheries Landing),,,,,,
vc_stages,13,AQUAPONICS SYSTEMS STAGE BENEFICIARIES,Mnufaika wa Hatua ya Mifumo ya Aquaponics,,,,,,
vc_stages,14,MARKETING / TRADING STAGE BENEFICIARIES,Mnufaika wa Hatua ya Masoko na Biashara,,,,,,
vc_stages,15,CONSUMPTION / USER STAGE BENEFICIARIES,Mnufaika wa Hatua ya Matumizi ya Bidhaa na Watumiaji,,,,,,
vc_stages,16,TRAINERS & TRAINEES STAGE BENEFICIARIES,Mnufaika wa Hatua ya Wakufunzi na Wanafunzwa,,,,,,
vc_stages,17,Farmer Group Collective Engagement in ARA/CSA Capacity Building and Adoption STAGE BENEFICIARIES,Mnufaika wa Hatua ya Ushiriki wa Vikundi vya Wakulima katika Ujenzi wa Uwezo na Utekelezaji wa ARA/CSA,,,,,,
vc_stages,18,OTHER VALUE CHAIN ACTIVITY STAGE BENEFICIARIES,Mnufaika wa Shughuli Nyingine za Mnyororo wa Thamani,,,,,,
risk_category,A,Category A,Kundi A,,,,,,
risk_category,B,Category B,Kundi B,,,,,,
risk_category,C,Category C,Kundi C,,,,,,
grievance_stage,1,"1)Drought / prolonged dry spells,",Ukame / vipindi virefu vya ukosefu wa mvua,,,,,,
grievance_stage,2,"2)Flooding / waterlogging,",Mafuriko / kujaa kwa maji mashambani,,,,,,
grievance_stage,3,"3)Erratic rainfall,",Mvua zisizotabirika,,,,,,
grievance_stage,4,"4)Heat stress / extreme temperatures,",Msongo wa joto / viwango vya juu vya joto,,,,,,
grievance_stage,5,"5)Strong winds / storms,",Upepo mkali / dhoruba,,,,,,
grievance_stage,6,"6)Soil erosion / land degradation,",Mmomonyoko wa udongo / uharibifu wa ardhi,,,,,,
grievance_stage,7,"7)Pest infestation,",Mashambulizi ya wadudu waharibifu,,,,,,
grievance_stage,8,"8)Crop diseases,",Magonjwa ya mazao,,,,,,
grievance_stage,9,"9)Livestock diseases,",Magonjwa ya mifugo,,,,,,
grievance_stage,10,"10)Unseasonal rains at harvest,",Mvua zisizo za msimu wakati wa mavuno,,,,,,
grievance_stage,11,"11)High humidity / aflatoxin contamination,",Unyevu mkubwa / uchafuzi wa aflatoksini,,,,,,
grievance_stage,12,"12)Post-harvest pest infestation,",Mashambulizi ya wadudu baada ya mavuno,,,,,,
grievance_stage,13,"13)Spoilage due to temperature changes,",Kuharibika kwa mazao kutokana na mabadiliko ya joto,,,,,,
grievance_stage,14,"14)Flood damage to storage and processing facilities,",Uharibifu wa maghala na vituo vya uchakataji kutokana na mafuriko,,,,,,
grievance_stage,15,"15)Power outages due to weather,",Kukatika kwa umeme kutokana na hali ya hewa,,,,,,
grievance_stage,16,"16)Water scarcity,",Uhaba wa maji,,,,,,
grievance_stage,17,"17)Transport disruption, including roads and bridges,","Kukatizwa kwa usafiri, ikijumuisha barabara na madaraja",,,,,,
grievance_stage,18,"18)Market access disruption,",Kukatizwa kwa upatikanaji wa masoko,,,,,,
grievance_stage,96,19)Other; Specify,Nyingine; Taja,,,,,,
Climate_hazards,1,"1)Drought / prolonged dry spells,",Ukame au vipindi virefu vya ukosefu wa mvua,,,,,,
Climate_hazards,2,"2)Flooding / waterlogging,",Mafuriko au kujaa kwa maji,,,,,,
Climate_hazards,3,"3)Erratic rainfall,",Mvua zisizotabirika,,,,,,
Climate_hazards,4,"4)Heat stress / extreme temperatures,",Joto kali au viwango vya juu vya joto,,,,,,
Climate_hazards,5,"5)Strong winds / storms,",Upepo mkali au dhoruba,,,,,,
Climate_hazards,6,"6)Soil erosion / land degradation,",Mmomonyoko wa udongo au uharibifu wa ardhi,,,,,,
Climate_hazards,7,"7)Pest infestation,",Mashambulizi ya wadudu waharibifu,,,,,,
Climate_hazards,8,"8)Crop diseases,",Magonjwa ya mazao,,,,,,
Climate_hazards,9,"9)Livestock diseases,",Magonjwa ya mifugo,,,,,,
Climate_hazards,10,"10)Unseasonal rains at harvest,",Mvua zisizo za msimu wakati wa mavuno,,,,,,
Climate_hazards,11,"11)High humidity / aflatoxin contamination,",Unyevu mkubwa au uchafuzi wa aflatoksini,,,,,,
Climate_hazards,12,"12)Post-harvest pest infestation,",Mashambulizi ya wadudu baada ya mavuno,,,,,,
Climate_hazards,13,"13)Spoilage due to temperature changes,",Kuharibika kwa mazao au bidhaa kutokana na mabadiliko ya joto,,,,,,
Climate_hazards,14,"14)Flood damage to storage and processing facilities,",Uharibifu wa maghala na vituo vya uchakataji kutokana na mafuriko,,,,,,
Climate_hazards,15,"15)Power outages due to weather,",Kukatika kwa umeme kutokana na hali ya hewa,,,,,,
Climate_hazards,16,"16)Water scarcity,",Uhaba wa maji,,,,,,
Climate_hazards,17,"17)Transport disruption, including roads and bridges,","Kukatizwa kwa usafiri, ikiwemo barabara na madaraja",,,,,,
Climate_hazards,18,"18)Market access disruption,",Kukatizwa kwa upatikanaji wa masoko,,,,,,
Climate_hazards,96,19)Other; Specify,Nyingine; Tafadhali taja,,,,,,
frequently,1,"1)Every season,",Kila msimu,,,,,,
frequently,2,"2)Once a year,",Mara moja kwa mwaka,,,,,,
frequently,3,"3)Every 2–3 years,",Kila baada ya miaka 2–3,,,,,,
frequently,4,4)Rare,Mara chache,,,,,,
frequently,5,5)Not experienced,Haijawahi kutokea,,,,,,
collateral,1,Agricultural Land (titled/untitled),Ardhi ya Kilimo (yenye hati au isiyo na hati),,,,,,
collateral,2,Standing crops & tree crops / plantations,Mazao yaliyopo shambani na mazao ya miti / mashamba ya kudumu,,,,,,
collateral,3,Livestock,Mifugo,,,,,,
collateral,4,Farm equipment & irrigation systems,Vifaa vya kilimo na mifumo ya umwagiliaji,,,,,,
collateral,5,Greenhouse,Greenhouse (Nyumba ya Kitalu cha Kisasa),,,,,,
collateral,6,"Input inventory (seeds, fertilizer, agro‑chemicals)","Hifadhi ya pembejeo (mbegu, mbolea, viuatilifu na pembejeo nyingine za kilimo)",,,,,,
collateral,7,Agro‑dealer shop / market stall / shop,Duka la pembejeo za kilimo / kibanda cha soko / duka,,,,,,
collateral,8,Stored produce & finished goods,Mazao yaliyohifadhiwa na bidhaa zilizokamilika,,,,,,
collateral,9,Warehouse receipt,Stakabadhi ya ghala,,,,,,
collateral,10,Storage facility & cold storage,Ghala la kuhifadhia na hifadhi ya baridi,,,,,,
collateral,11,Processing machinery & processing plant,Mashine za uchakataji na kiwanda cha uchakataji,,,,,,
collateral,12,Transport vehicle,Chombo cha usafiri,,,,,,
collateral,13,Off‑take contract,Mkataba wa mauzo ya mazao au bidhaa (Off-take Contract),,,,,,
collateral,14,Cash deposits / savings & mobile money flows,Amana za fedha / akiba / miamala ya fedha kwa njia ya simu,,,,,,
collateral,15,Group guarantee (VSLA / SACCOS),Dhamana ya kikundi (VSLA / SACCOS),,,,,,
collateral,16,Insurance policy,Bima,,,,,,
collateral,17,Receivables (accounts receivable),Madeni yanayodaiwa kulipwa (Accounts Receivable),,,,,,
collateral,18,Carbon credits,Mikopo ya Kaboni (Carbon Credits),,,,,,
collateral,19,"Renewable energy asset (e.g. solar pump, biogas digester)",Rasilimali za nishati jadidifu (mfano pampu ya sola au mtambo wa biogas),,,,,,
collateral,96,Other (specify)Other (specify),Nyingine (Tafadhali taja),,,,,,
exposure_level,1,"Highly exposed,",Imeathiriwa sana,,,,,,
exposure_level,2,"Moderately exposed,",Imeathiriwa kwa kiwango cha kati,,,,,,
exposure_level,3,"Low exposure,",Imeathiriwa kwa kiwango kidogo,,,,,,
exposure_level,4,Not exposed.,Haijaathiriwa,,,,,,
insurance_year,year1,Year 1,Mwaka wa 1,,,,,,
insurance_year,year2,Year 2,Mwaka wa 2,,,,,,
insurance_year,year3,Year 3,Mwaka wa 3,,,,,,
insurance_year,year4,Year 4,Mwaka wa 4,,,,,,
insurance_year,year5,Year 5,Mwaka wa 5,,,,,,
insurance_type,wii,WII,WII,,,,,,
insurance_type,ayii,AYII,AYII,,,,,,
insurance_type,hybrid,Hybrid,Mseto,,,,,,
guarantee_coverage,50,0.5,0.5,,,,,,
guarantee_coverage,52_5,0.525,0.525,,,,,,
baseline_tech_list,1,"1)Diesel or petrol pumps, generators and farm machinery,","Pampu za dizeli au petroli, jenereta na mashine za kilimo zinazotumia mafuta.",,,,,,
baseline_tech_list,2,"2)Firewood, charcoal or coal-based cooking and processing systems,","Mifumo ya kupikia na kuchakata inayotumia kuni, mkaa au makaa ya mawe.",,,,,,
baseline_tech_list,3,"3)Traditional biomass stoves using firewood, charcoal or crop residues,","Majiko ya jadi ya biomasi yanayotumia kuni, mkaa au mabaki ya mazao.",,,,,,
baseline_tech_list,4,"4)Manual crop drying under open sun,",Ukaushaji wa mazao kwa njia ya kawaida chini ya jua wazi.,,,,,,
baseline_tech_list,5,"5)Traditional fish drying under open sun,",Ukaushaji wa samaki kwa njia ya kawaida chini ya jua wazi.,,,,,,
baseline_tech_list,6,"6)Firewood, charcoal or coal-based crop drying,","Ukaushaji wa mazao unaotumia kuni, mkaa au makaa ya mawe.",,,,,,
baseline_tech_list,7,"7)Firewood, charcoal or coal-based fish drying or smoking,","Ukaushaji au uvushaji wa samaki unaotumia kuni, mkaa au makaa ya mawe.",,,,,,
baseline_tech_list,8,"8)Grid electricity with inefficient appliances or equipment,",Umeme wa gridi unaotumia vifaa au mashine zisizo na ufanisi wa matumizi ya nishati.,,,,,,
baseline_tech_list,9,"9)Traditional flood irrigation,",Umwagiliaji wa jadi wa kufurika mashamba (flood irrigation).,,,,,,
baseline_tech_list,10,"10)Manual irrigation using buckets, watering cans or manual pumps,","Umwagiliaji wa mikono kwa kutumia ndoo, mikebe ya kumwagilia au pampu za mkono.",,,,,,
baseline_tech_list,11,"11)Old inefficient farm machinery,",Mashine za zamani za kilimo zisizo na ufanisi.,,,,,,
baseline_tech_list,12,"12)Old inefficient agro-processing machines, including mills, dryers and oil presses,","Mashine za zamani za usindikaji wa mazao zisizo na ufanisi, ikijumuisha mashine za kusaga, kukausha na kukamua mafuta.",,,,,,
baseline_tech_list,96,13)Other; Specify.,Nyingine; Tafadhali eleza.,,,,,,
new_tech_list,1,"1)Solar water pumping systems for irrigation and aquaculture,",Mifumo ya kusukuma maji kwa nishati ya jua kwa ajili ya umwagiliaji na ufugaji wa samaki.,,,,,,
new_tech_list,2,"2)Solar-powered irrigation systems, including drip and sprinkler,","Mifumo ya umwagiliaji inayotumia nishati ya jua, ikijumuisha umwagiliaji wa matone (drip irrigation) na wa kunyunyizia maji (sprinkler irrigation).",,,,,,
new_tech_list,3,"3)Solar-powered agro-processing machines, including milling and oil extraction,","Mashine za usindikaji wa mazao zinazotumia nishati ya jua, ikijumuisha kusaga na kukamua mafuta.",,,,,,
new_tech_list,4,"4)Solar dryers for crops, fruits, spices and fish,","Vikaushio vya mazao, matunda, viungo na samaki vinavyotumia nishati ya jua.",,,,,,
new_tech_list,5,"5)Solar cold rooms, refrigeration and ice-making systems,","Maghala baridi, mifumo ya jokofu na utengenezaji wa barafu inayotumia nishati ya jua.",,,,,,
new_tech_list,6,"6)Solar-powered aquaculture systems, including aeration, pumping and hatchery support,","Mifumo ya ufugaji wa samaki inayotumia nishati ya jua, ikijumuisha uingizaji hewa majini (aeration), usukumiaji wa maji na usaidizi wa mazalia ya samaki (hatcheries).",,,,,,
new_tech_list,7,"7)Solar-powered fish landing and productive-use facilities,",Vituo vya kushushia samaki na miundombinu mingine ya uzalishaji inayotumia nishati ya jua.,,,,,,
new_tech_list,8,"8)Biogas digesters and biogas-powered cooking or processing systems,",Mitambo ya kuzalisha biogesi na mifumo ya kupikia au kuchakata inayotumia biogesi.,,,,,,
new_tech_list,9,"9)Biomass energy systems using rice husks, bagasse and agro-waste,","Mifumo ya nishati ya biomasi inayotumia maganda ya mpunga, mabaki ya miwa (bagasse) na taka za mazao ya kilimo.",,,,,,
new_tech_list,10,"10)Energy-efficient electric motors, pumps and compressors,","Mota za umeme, pampu na vikandamizi hewa (compressors) vyenye ufanisi mkubwa wa matumizi ya nishati.",,,,,,
new_tech_list,11,"11)Energy-efficient agro-processing equipment, including milling, oil press, dairy and fish processing,","Vifaa vya usindikaji wa mazao vyenye ufanisi mkubwa wa matumizi ya nishati, ikijumuisha mashine za kusaga, kukamua mafuta, kusindika maziwa na kusindika samaki.",,,,,,
new_tech_list,12,"12)Energy-efficient refrigeration, cooling and preservation equipment,","Vifaa vya jokofu, kupoza na kuhifadhi mazao vyenye ufanisi mkubwa wa matumizi ya nishati.",,,,,,
new_tech_list,13,"13)Battery storage and hybrid systems, including solar-battery and solar-grid systems,","Mifumo ya kuhifadhi nishati kwa betri na mifumo mseto, ikijumuisha mifumo ya jua na betri (solar-battery) na mifumo ya jua na gridi ya umeme (solar-grid).",,,,,,
new_tech_list,96,14)Other Eligible; Specify,Teknolojia nyingine zinazostahili; Tafadhali eleza.,,,,,,
energy_base_list,1,"1)Diesel,","1)Diesel,",,,,,,
energy_base_list,2,"2)Petrol,","2)Petrol,",,,,,,
energy_base_list,3,"3)Kerosene,","3)Kerosene,",,,,,,
energy_base_list,4,"4)Firewood,","4)Firewood,",,,,,,
energy_base_list,5,"5)Charcoal,","5)Charcoal,",,,,,,
energy_base_list,6,"6)Coal,","6)Coal,",,,,,,
energy_base_list,7,"7)Heavy fuel oil,","7)Heavy fuel oil,",,,,,,
energy_base_list,8,"8)Furnace oil,","8)Furnace oil,",,,,,,
energy_base_list,9,"9)Non-renewable grid electricity,","9)Non-renewable grid electricity,",,,,,,
energy_base_list,96,10)Other conventional / non-clean energy source; Specify,10)Other conventional / non-clean energy source; Specify,,,,,,
energy_after_list,1,"1)Solar-powered irrigation,",Umwagiliaji unaotumia nishati ya jua.,,,,,,
energy_after_list,2,"2)Solar water pumping,",Mifumo ya kusukuma maji kwa nishati ya jua.,,,,,,
energy_after_list,3,"3)Solar cold storage and refrigeration,",Maghala baridi na mifumo ya majokofu inayotumia nishati ya jua.,,,,,,
energy_after_list,4,"4)Solar dryers for crops, spices and fish,","Vikaushio vya mazao, viungo na samaki vinavyotumia nishati ya jua.",,,,,,
energy_after_list,5,"5)Solar agro-processing equipment,",Vifaa vya usindikaji wa mazao vinavyotumia nishati ya jua.,,,,,,
energy_after_list,6,"6)Solar aquaculture aeration systems,",Mifumo ya uingizaji hewa kwenye mabwawa ya samaki (aeration) inayotumia nishati ya jua.,,,,,,
energy_after_list,7,"7)Solar-powered hatchery systems,",Mifumo ya mazalia ya samaki (hatcheries) inayotumia nishati ya jua.,,,,,,
energy_after_list,8,"8)Solar-powered fish landing facilities,",Vituo vya kushushia samaki vinavyotumia nishati ya jua.,,,,,,
energy_after_list,9,"9)Biogas from manure and organic waste,",Biogesi inayotokana na samadi na taka za kikaboni.,,,,,,
energy_after_list,10,"10)Biomass energy from crop residues,",Nishati ya biomasi inayotokana na mabaki ya mazao.,,,,,,
energy_after_list,11,"11)Efficient electric motors and pumps,",Mota za umeme na pampu zenye ufanisi mkubwa wa matumizi ya nishati.,,,,,,
energy_after_list,12,"12)Energy-efficient refrigeration and cooling,",Mifumo ya majokofu na kupoza yenye ufanisi mkubwa wa matumizi ya nishati.,,,,,,
energy_after_list,13,"13)Electric or induction cooking systems,",Mifumo ya kupikia kwa umeme au majiko ya induction.,,,,,,
energy_after_list,14,"14)Low-emission or hybrid tractors and farm machinery,",Matrekta na mashine za kilimo zenye uzalishaji mdogo wa hewa ukaa au zinazotumia teknolojia mseto (hybrid).,,,,,,
energy_after_list,15,"15)Non-diesel agro-processing units and hybrid productive-use equipment,",Vituo vya usindikaji wa mazao visivyotumia dizeli na vifaa vya uzalishaji vinavyotumia teknolojia mseto (hybrid).,,,,,,
energy_after_list,16,"16)Battery storage and hybrid clean energy systems,",Mifumo ya kuhifadhi nishati kwa betri na mifumo mseto ya nishati safi.,,,,,,
energy_after_list,96,17)Other Eligible; Specify,Teknolojia nyingine zinazostahili; Tafadhali eleza,,,,,,
water_tech_list,1,"1)Drip irrigation systems,",Mfumo wa umwagiliaji wa matone (Drip Irrigation),,,,,,
water_tech_list,2,"2)Solar-powered drip irrigation systems,",Mfumo wa umwagiliaji wa matone unaotumia nishati ya jua,,,,,,
water_tech_list,3,"3)Sprinkler irrigation systems,",Mfumo wa umwagiliaji wa kunyunyizia maji (Sprinkler Irrigation),,,,,,
water_tech_list,4,"4)Solar-powered sprinkler irrigation systems,",Mfumo wa umwagiliaji wa kunyunyizia maji unaotumia nishati ya jua,,,,,,
water_tech_list,5,"5)Borehole irrigation with solar pumping,",Umwagiliaji kwa kutumia kisima kirefu na pampu ya nishati ya jua,,,,,,
water_tech_list,6,"6)River/lake abstraction with solar pumping, where legally permitted,",Umwagiliaji kwa kutumia maji kutoka mto au ziwa na pampu ya nishati ya jua pale ambapo unaruhusiwa kisheria,,,,,,
water_tech_list,7,"7)Rainwater harvesting irrigation systems,",Mfumo wa umwagiliaji kwa kuvuna na kuhifadhi maji ya mvua,,,,,,
water_tech_list,8,"8)Farm pond and charco dam irrigation systems,",Mfumo wa umwagiliaji kwa kutumia bwawa la shambani au bwawa la Charco,,,,,,
water_tech_list,9,"9)Water storage tanks and reservoir-based irrigation,",Mfumo wa umwagiliaji unaotumia matenki ya kuhifadhi maji au mabwawa ya hifadhi,,,,,,
water_tech_list,10,"10)Gravity-fed irrigation systems,",Mfumo wa umwagiliaji unaotumia mtiririko wa maji kwa nguvu ya mwinuko (Gravity-fed Irrigation),,,,,,
water_tech_list,11,"11)Canal irrigation improvement, including lining, desilting and flow regulation,","Uboreshaji wa mifereji ya umwagiliaji ikijumuisha kuweka tabaka la kuzuia uvujaji wa maji, kuondoa tope na kudhibiti mtiririko wa maji",,,,,,
water_tech_list,12,"12)Paddy water management systems, including controlled flooding and drainage,",Mfumo wa usimamizi wa maji kwenye mashamba ya mpunga ikijumuisha kufurika kwa kudhibitiwa na uondoshaji wa maji,,,,,,
water_tech_list,13,"13)Land levelling for paddy or similar irrigated fields to improve water-use efficiency,",Kusawazisha ardhi kwa mashamba ya mpunga au mashamba mengine ya umwagiliaji ili kuongeza ufanisi wa matumizi ya maji,,,,,,
water_tech_list,14,"14)Micro-irrigation systems for horticulture and high-value crops,",Mfumo wa umwagiliaji wa kiwango kidogo (Micro-irrigation) kwa mazao ya bustani na mazao yenye thamani kubwa,,,,,,
water_tech_list,15,"15)Precision irrigation systems using sensors, timers or moisture monitoring,","Mfumo wa umwagiliaji wa kisasa unaotumia vihisi (sensors), vipima muda (timers) au vifaa vya kufuatilia unyevunyevu wa udongo",,,,,,
water_tech_list,16,"16)Efficient electric pump irrigation systems,",Mfumo wa umwagiliaji unaotumia pampu za umeme zenye ufanisi mkubwa,,,,,,
water_tech_list,17,"17)Hybrid solar-grid irrigation systems,",Mfumo wa umwagiliaji unaotumia mchanganyiko wa nishati ya jua na umeme wa gridi ya taifa,,,,,,
water_tech_list,18,"18)Low-pressure irrigation systems for smallholder farmers,",Mfumo wa umwagiliaji wa shinikizo la chini kwa wakulima wadogo,,,,,,
water_tech_list,96,19)Other Eligible; Specify.,"Nyingine zinazostahili, taja:",,,,,,
irr_base_list,1,"1)Rainfed farming with no water management system,",Kilimo cha kutegemea mvua bila mfumo wa usimamizi wa maji,,,,,,
irr_base_list,2,"2)Traditional flood irrigation,",Umwagiliaji wa jadi kwa kufurikisha maji shambani,,,,,,
irr_base_list,3,"3)Uncontrolled paddy flooding,",Kufurika kwa mashamba ya mpunga bila udhibiti wa kiwango cha maji,,,,,,
irr_base_list,4,"4)Diesel-powered pump irrigation,",Umwagiliaji unaotumia pampu za dizeli,,,,,,
irr_base_list,5,"5)Petrol-powered pump irrigation,",Umwagiliaji unaotumia pampu za petroli,,,,,,
irr_base_list,6,"6)Manual irrigation using buckets or watering cans,",Umwagiliaji wa mikono kwa kutumia ndoo au mikebe ya kumwagilia maji,,,,,,
irr_base_list,7,"7)Open canal irrigation with high seepage losses,",Umwagiliaji kupitia mifereji ya wazi yenye upotevu mkubwa wa maji kutokana na kuvuja ardhini,,,,,,
irr_base_list,8,"8)Unlined canal irrigation,",Umwagiliaji kupitia mifereji isiyo na tabaka la kuzuia uvujaji wa maji,,,,,,
irr_base_list,9,"9)Poorly maintained irrigation canals with siltation,",Umwagiliaji kupitia mifereji isiyotunzwa vizuri yenye mkusanyiko wa tope,,,,,,
irr_base_list,10,"10)Over-irrigation without scheduling or water measurement,",Umwagiliaji wa maji kupita kiasi bila ratiba au kipimo cha matumizi ya maji,,,,,,
irr_base_list,11,"11)Gravity irrigation with poor flow control,",Umwagiliaji wa mtiririko wa maji kwa nguvu ya mwinuko wenye udhibiti hafifu wa mtiririko wa maji,,,,,,
irr_base_list,12,"12)Traditional furrow irrigation with high water loss,",Umwagiliaji wa mifereji ya matuta (furrow irrigation) wa jadi wenye upotevu mkubwa wa maji,,,,,,
irr_base_list,13,"13)Inefficient basin irrigation without drainage control,",Umwagiliaji wa mabonde (basin irrigation) usio na ufanisi na usio na udhibiti wa mifumo ya kutoa maji,,,,,,
irr_base_list,14,"14)Irrigation without water storage or harvesting system,",Umwagiliaji usio na mfumo wa kuhifadhi au kuvuna maji,,,,,,
irr_base_list,96,15)Other Non-Sustainable / Inefficient Practice; Specify,"Mbinu nyingine zisizo endelevu au zisizo na ufanisi, taja: __",,,,,,
reporting_period,year1,Year 1,Mwaka wa 1,,,,,,
reporting_period,year2,Year 2,Mwaka wa 2,,,,,,
reporting_period,year3,Year 3,Mwaka wa 3,,,,,,
reporting_period,endline,Endline,Tathmini ya mwisho,,,,,,
cost_item,1,Land clearing,Usafishaji wa shamba,,,,,,
cost_item,2,Ploughing,Kulima,,,,,,
cost_item,3,Tractor hire,Kukodi trekta,,,,,,
cost_item,4,Seeds,Mbegu,,,,,,
cost_item,5,Fertilizer,Mbolea,,,,,,
cost_item,6,Herbicides,Dawa za kuua magugu,,,,,,
cost_item,7,Manure,Mbolea ya samadi,,,,,,
cost_item,8,Irrigation water,Maji ya umwagiliaji,,,,,,
cost_item,9,Irrigation fuel,Mafuta ya umwagiliaji,,,,,,
cost_item,10,Scouting,Ukaguzi wa shamba,,,,,,
cost_item,11,Harvest labour,Gharama za wafanyakazi wa kuvuna,,,,,,
cost_item,12,Drying materials,Vifaa vya kukaushia mazao,,,,,,
cost_item,13,Storage bags,Magunia ya kuhifadhia,,,,,,
cost_item,14,Cold room,Ghala la baridi,,,,,,
cost_item,15,Transport,Usafirishaji,,,,,,
cost_item,16,Milling,Kusaga,,,,,,
cost_item,17,Packaging,Ufungashaji,,,,,,
cost_item,18,Market fees,Ada za soko,,,,,,
cost_item,19,Insurance,Bima,,,,,,
cost_item,20,Interest,Riba,,,,,,
cost_item,21,Monitoring,Ufuatiliaji,,,,,,
unit_measure,man_day,Man-day,Siku ya kazi,,,,,,
unit_measure,person,Person,Mtu,,,,,,
unit_measure,hour,Hour,Saa,,,,,,
unit_measure,day,Day,Siku,,,,,,
unit_measure,acre,Acre,Ekari,,,,,,
unit_measure,hectare,Hectare,Hekta,,,,,,
unit_measure,plot,Plot,Kiwanja,,,,,,
unit_measure,kg,Kilogram (kg),Kilogramu (kg),,,,,,
unit_measure,gram,Gram (g),Gramu (g),,,,,,
unit_measure,tonne,Tonne,Tani,,,,,,
unit_measure,bag,Bag,Gunia,,,,,,
unit_measure,sack,Sack,Mfuko,,,,,,
unit_measure,bucket,Bucket,Ndoo,,,,,,
unit_measure,crate,Crate,Kreti,,,,,,
unit_measure,tray,Tray,Trei,,,,,,
unit_measure,bunch,Bunch,Fungu,,,,,,
unit_measure,piece,Piece,Kipande,,,,,,
unit_measure,seedling,Seedling,Mche,,,,,,
unit_measure,tree,Tree,Mti,,,,,,
unit_measure,litre,Litre (L),Lita (L),,,,,,
unit_measure,ml,Millilitre (ml),Mililita (ml),,,,,,
unit_measure,cubic_metre,Cubic metre (m³),Meta za ujazo (m³),,,,,,
unit_measure,km,Kilometre (km),Kilomita (km),,,,,,
unit_measure,trip,Trip,Safari,,,,,,
unit_measure,month,Month,Mwezi,,,,,,
unit_measure,season,Season,Msimu,,,,,,
unit_measure,unit,Unit,Kipimo,,,,,,
unit_measure,kwh,Kilowatt-hour (kWh),Kilowati saa (kWh),,,,,,
unit_measure,litre_fuel,Litre of fuel,Lita ya mafuta,,,,,,
unit_measure,percent,Percent (%),Asilimia (%),,,,,,
unit_measure,lump_sum,Lump sum,Jumla ya malipo,,,,,,
intervention,1,Improved seeds,Mbegu bora,,,,,,
intervention,2,Improved seedlings,Miche bora,,,,,,
intervention,3,Fertilizer support,Msaada wa mbolea,,,,,,
intervention,4,Organic manure,Mbolea ya samadi,,,,,,
intervention,5,Agricultural lime,Chokaa ya kilimo,,,,,,
intervention,6,Irrigation system,Mfumo wa umwagiliaji,,,,,,
intervention,7,Solar irrigation pump,Pampu ya umwagiliaji ya nishati ya jua,,,,,,
intervention,8,Rainwater harvesting,Uvunaji wa maji ya mvua,,,,,,
intervention,9,Farm mechanisation,Matumizi ya mashine za kilimo,,,,,,
intervention,10,Tractor services,Huduma za trekta,,,,,,
intervention,11,Herbicides,Dawa za kuua magugu,,,,,,
intervention,12,Pesticides,Dawa za kuua wadudu,,,,,,
intervention,13,Integrated pest management,Usimamizi shirikishi wa wadudu,,,,,,
intervention,14,Agricultural extension services,Huduma za ugani,,,,,,
intervention,15,Farmer training,Mafunzo kwa wakulima,,,,,,
intervention,16,Climate and weather information,Taarifa za hali ya hewa na tabianchi,,,,,,
intervention,17,Agroforestry,Kilimo mseto na miti,,,,,,
intervention,18,Soil conservation,Uhifadhi wa udongo,,,,,,
intervention,19,Water conservation,Uhifadhi wa maji,,,,,,
intervention,20,Post-harvest handling,Ushughulikiaji baada ya mavuno,,,,,,
intervention,21,Improved storage facilities,Vifaa bora vya kuhifadhi,,,,,,
intervention,22,Cold storage,Hifadhi ya baridi,,,,,,
intervention,23,Processing equipment,Vifaa vya uchakataji,,,,,,
intervention,24,Value addition,Uongezaji thamani,,,,,,
intervention,25,Improved packaging,Ufungashaji bora,,,,,,
intervention,26,Market linkages,Uunganishaji na masoko,,,,,,
intervention,27,Collective marketing,Uuzaji wa pamoja,,,,,,
intervention,28,Digital marketing,Uuzaji wa kidijitali,,,,,,
intervention,29,Financial services,Huduma za kifedha,,,,,,
intervention,30,Agricultural insurance,Bima ya kilimo,,,,,,
intervention,31,Agricultural credit,Mikopo ya kilimo,,,,,,
intervention,32,Farmer groups/cooperatives,Vikundi au vyama vya wakulima,,,,,,
intervention,33,Quality certification,Uthibitishaji wa ubora,,,,,,
intervention,34,Renewable energy technologies,Teknolojia za nishati jadidifu,,,,,,
intervention,35,Technical monitoring and follow-up,Ufuatiliaji wa kitaalamu,,,,,,
intervention,96,Other (specify),Nyingine (taja),,,,,,
adaptation_result,1,Increased crop yield,Kuongezeka kwa mavuno,,,,,,
adaptation_result,2,Stable crop production,Kuimarika kwa uthabiti wa uzalishaji,,,,,,
adaptation_result,3,Reduced production costs,Kupungua kwa gharama za uzalishaji,,,,,,
adaptation_result,4,Increased farm income,Kuongezeka kwa mapato ya kilimo,,,,,,
adaptation_result,5,Increased profitability,Kuongezeka kwa faida,,,,,,
adaptation_result,6,Improved product quality,Kuimarika kwa ubora wa mazao,,,,,,
adaptation_result,7,Reduced post-harvest losses,Kupungua kwa upotevu baada ya mavuno,,,,,,
adaptation_result,8,Improved storage capacity,Kuboreshwa kwa uwezo wa kuhifadhi,,,,,,
adaptation_result,9,Improved processing capacity,Kuboreshwa kwa uwezo wa uchakataji,,,,,,
adaptation_result,10,Improved market access,Kuongezeka kwa upatikanaji wa masoko,,,,,,
adaptation_result,11,Better selling prices,Bei bora za mauzo,,,,,,
adaptation_result,12,Increased sales volume,Kuongezeka kwa mauzo,,,,,,
adaptation_result,13,Improved water use efficiency,Matumizi bora ya maji,,,,,,
adaptation_result,14,Improved energy efficiency,Matumizi bora ya nishati,,,,,,
adaptation_result,15,Improved soil fertility and health,Kuimarika kwa rutuba na afya ya udongo,,,,,,
adaptation_result,16,Increased climate resilience,Kuongezeka kwa uwezo wa kukabiliana na mabadiliko ya tabianchi,,,,,,
adaptation_result,17,Improved drought resilience,Kuongezeka kwa uwezo wa kukabiliana na ukame,,,,,,
adaptation_result,18,Better pest and disease management,Kuboreshwa kwa udhibiti wa wadudu na magonjwa,,,,,,
adaptation_result,19,Improved household food security,Kuimarika kwa usalama wa chakula wa kaya,,,,,,
adaptation_result,20,Improved household nutrition,Kuboreshwa kwa lishe ya kaya,,,,,,
adaptation_result,21,Increased employment opportunities,Kuongezeka kwa fursa za ajira,,,,,,
adaptation_result,22,Increased participation of women and youth,Kuongezeka kwa ushiriki wa wanawake na vijana,,,,,,
adaptation_result,23,Improved access to financial services,Kuongezeka kwa upatikanaji wa huduma za kifedha,,,,,,
adaptation_result,24,Improved farming knowledge and skills,Kuongezeka kwa maarifa na ujuzi wa kilimo,,,,,,
adaptation_result,25,Improved environmental conservation,Kuimarika kwa uhifadhi wa mazingira,,,,,,
adaptation_result,26,Reduced greenhouse gas emissions,Kupungua kwa uzalishaji wa gesi chafu,,,,,,
adaptation_result,27,Improved household livelihoods,Kuboreshwa kwa maisha ya kaya,,,,,,
adaptation_result,96,Other (specify),Nyingine (taja),,,,,,
verification,1,Farmer interview,Mahojiano na mkulima,,,,,,
verification,2,Field observation,Uchunguzi wa shambani,,,,,,
verification,3,Field measurement,Vipimo vya shambani,,,,,,
verification,4,Farm production records,Rekodi za uzalishaji wa shambani,,,,,,
verification,5,Sales records,Rekodi za mauzo,,,,,,
verification,6,Purchase receipts,Risiti za ununuzi,,,,,,
verification,7,Input purchase receipts,Risiti za ununuzi wa pembejeo,,,,,,
verification,8,Loan records,Rekodi za mkopo,,,,,,
verification,9,Farmer group or cooperative records,Rekodi za kikundi au chama cha ushirika,,,,,,
verification,10,Warehouse or storage records,Rekodi za ghala au hifadhi,,,,,,
verification,11,Extension officer verification,Uthibitisho wa afisa ugani,,,,,,
verification,12,Relationship Manager verification,Uthibitisho wa Meneja wa Mahusiano,,,,,,
verification,13,TACATDP project records,Rekodi za mradi wa TACATDP,,,,,,
verification,14,Digital platform records,Rekodi za mfumo wa kidijitali,,,,,,
verification,15,GPS coordinates and photographs,Koordinati za GPS na picha,,,,,,
verification,16,Community validation,Uthibitisho wa jamii,,,,,,
verification,96,Other (specify),Nyingine (taja),,,,,,
